web_scraper_order,web_scraper_start_url,product_link,product_name,price,rating,review_count,sold,seller
"1775101274-1","https://www.tokopedia.com/search?condition=2&navsource=&srp_component_id=04.06.00.00&srp_page_id=&srp_page_title=&st=&q=hp%20sony","https://www.tokopedia.com/armadill/sony-xperia-z4?extParam=ivf%3Dfalse%26keyword%3Dhp+sony%26search_id%3D202604020340279DE6D14FFF980614FYLM%26src%3Dsearch","Sony xperia z4","Rp1.700.000","","","1 barang berhasil terjual","Armadill Store"
"1775101279-2","https://www.tokopedia.com/search?condition=2&navsource=&srp_component_id=04.06.00.00&srp_page_id=&srp_page_title=&st=&q=hp%20sony","https://www.tokopedia.com/rubypreloved-tuff/sony-xperia-x-compact-normal-hp-only-1731146874881606870?extParam=ivf%3Dfalse%26keyword%3Dhp+sony%26search_id%3D202604020340279DE6D14FFF980614FYLM%26src%3Dsearch","sony xperia x compact normal hp only","Rp895.000","","","","RubyPreloved tuff"
"1775101284-3","https://www.tokopedia.com/search?condition=2&navsource=&srp_component_id=04.06.00.00&srp_page_id=&srp_page_title=&st=&q=hp%20sony","https://www.tokopedia.com/mungmunge/sony-xperia-xzs?extParam=ivf%3Dfalse%26keyword%3Dhp+sony%26search_id%3D202604020340279DE6D14FFF980614FYLM%26src%3Dsearch","sony xperia xzs","Rp995.000","4.0","1 rating • 0 ulasan","Terjual 3","Digitalniaga"
"1775101289-4","https://www.tokopedia.com/search?condition=2&navsource=&srp_component_id=04.06.00.00&srp_page_id=&srp_page_title=&st=&q=hp%20sony","https://www.tokopedia.com/zr-gadget/sony-xperia-5-bekas-review?extParam=ivf%3Dfalse%26keyword%3Dhp+sony%26search_id%3D202604020340279DE6D14FFF980614FYLM%26src%3Dsearch","Sony Xperia 5 Bekas Review","Rp3.149.000","5.0","4 rating • 4 ulasan","Terjual 4","Zain Rendi Shop"
"1775101294-5","https://www.tokopedia.com/search?condition=2&navsource=&srp_component_id=04.06.00.00&srp_page_id=&srp_page_title=&st=&q=hp%20sony","https://www.tokopedia.com/dboxstore/sony-xperia-z-lte?extParam=ivf%3Dfalse%26keyword%3Dhp+sony%26search_id%3D202604020340279DE6D14FFF980614FYLM%26src%3Dsearch","Sony xperia Z LTE","Rp2.500.000","","","","D'BOX STORE"
"1775101299-6","https://www.tokopedia.com/search?condition=2&navsource=&srp_component_id=04.06.00.00&srp_page_id=&srp_page_title=&st=&q=hp%20sony","https://www.tokopedia.com/windows-android-ios/sony-xperia-xz2-like-new-warna-hitam?extParam=ivf%3Dfalse%26keyword%3Dhp+sony%26search_id%3D202604020340279DE6D14FFF980614FYLM%26src%3Dsearch","SONY XPERIA XZ2 LIKE NEW WARNA HITAM","Rp3.700.000","5.0","1 rating • 0 ulasan","Terjual 1","android ios windows harmony"
"1775101304-7","https://www.tokopedia.com/search?condition=2&navsource=&srp_component_id=04.06.00.00&srp_page_id=&srp_page_title=&st=&q=hp%20sony","https://www.tokopedia.com/p-aksesoris/sony-xperia-c3-all-operator-1731912272477127850?extParam=ivf%3Dfalse%26keyword%3Dhp+sony%26search_id%3D202604020340279DE6D14FFF980614FYLM%26src%3Dsearch","Sony Xperia C3 All operator","Rp160.000","","","1 barang berhasil terjual","P aksesoris"
"1775101309-8","https://www.tokopedia.com/search?condition=2&navsource=&srp_component_id=04.06.00.00&srp_page_id=&srp_page_title=&st=&q=hp%20sony","https://www.tokopedia.com/nikholas/handphone-sony-experia-d2105?extParam=ivf%3Dfalse%26keyword%3Dhp+sony%26search_id%3D202604020340279DE6D14FFF980614FYLM%26src%3Dsearch","Handphone Sony Experia D2105","Rp159.000","","","","Nikho Shop"
"1775101314-9","https://www.tokopedia.com/search?condition=2&navsource=&srp_component_id=04.06.00.00&srp_page_id=&srp_page_title=&st=&q=hp%20sony","https://www.tokopedia.com/windows-android-ios/sony-xperia-x-compact?extParam=ivf%3Dfalse%26keyword%3Dhp+sony%26search_id%3D202604020340279DE6D14FFF980614FYLM%26src%3Dsearch","SONY XPERIA X COMPACT","Rp2.500.000","5.0","1 rating • 1 ulasan","Terjual 1","android ios windows harmony"
"1775101320-10","https://www.tokopedia.com/search?condition=2&navsource=&srp_component_id=04.06.00.00&srp_page_id=&srp_page_title=&st=&q=hp%20sony","https://www.tokopedia.com/tommypeggy/sony-xperia-z2-compact-fullset?extParam=ivf%3Dfalse%26keyword%3Dhp+sony%26search_id%3D202604020340279DE6D14FFF980614FYLM%26src%3Dsearch","sony xperia Z2 compact fullset","Rp980.000","","","1 barang berhasil terjual","tommy cellular store"
"1775101325-11","https://www.tokopedia.com/search?condition=2&navsource=&srp_component_id=04.06.00.00&srp_page_id=&srp_page_title=&st=&q=hp%20sony","https://www.tokopedia.com/diravivikahfi/hp-sony-xz2-ns-sony-sony-yang-sangat-gacor-di-masanya-1731321257453913609?extParam=ivf%3Dfalse%26keyword%3Dhp+sony%26search_id%3D202604020340279DE6D14FFF980614FYLM%26src%3Dsearch","Hp sony xz2 ns sony sony yang sangat gacor di masanya","Rp500.000","","","","Diravivikahfi"
"1775101330-12","https://www.tokopedia.com/search?condition=2&navsource=&srp_component_id=04.06.00.00&srp_page_id=&srp_page_title=&st=&q=hp%20sony","https://www.tokopedia.com/phonengung/sony-xperia-c5-ultra-dual-ex-indonesia?extParam=ivf%3Dfalse%26keyword%3Dhp+sony%26search_id%3D202604020340279DE6D14FFF980614FYLM%26src%3Dsearch","Sony Xperia C5 Ultra Dual ex Indonesia","Rp1.500.000","4.3","6 rating • 5 ulasan","Terjual 12","PhoneNgung"
"1775101335-13","https://www.tokopedia.com/search?condition=2&navsource=&srp_component_id=04.06.00.00&srp_page_id=&srp_page_title=&st=&q=hp%20sony","https://www.tokopedia.com/myprelov3d-1/sony-xperia-1-iii?extParam=ivf%3Dfalse%26keyword%3Dhp+sony%26search_id%3D202604020340279DE6D14FFF980614FYLM%26src%3Dsearch","sony xperia 1 III","Rp7.450.000","5.0","3 rating • 3 ulasan","Terjual 3","MyPrelov3d"
"1775101340-14","https://www.tokopedia.com/search?condition=2&navsource=&srp_component_id=04.06.00.00&srp_page_id=&srp_page_title=&st=&q=hp%20sony","https://www.tokopedia.com/mjb-shoop/sony-xperia-xz3-minus-layar-retak-sentuh-normal-mal-100-1731484199034979659?extParam=ivf%3Dfalse%26keyword%3Dhp+sony%26search_id%3D202604020340279DE6D14FFF980614FYLM%26src%3Dsearch","sony Xperia xz3 minus layar retak sentuh normal mal 100%","Rp800.000","","","","mjb shoop_NEW"
"1775101345-15","https://www.tokopedia.com/search?condition=2&navsource=&srp_component_id=04.06.00.00&srp_page_id=&srp_page_title=&st=&q=hp%20sony","https://www.tokopedia.com/mastri-offcll/sony-xz1-4-64-good-condition-1734649783867311683?extParam=ivf%3Dfalse%26keyword%3Dhp+sony%26search_id%3D202604020340279DE6D14FFF980614FYLM%26src%3Dsearch","Sony Xz1 4/64 Good Condition - VENUS PINK 2","Rp1.200.000","5.0","1 rating • 1 ulasan","Terjual 2","mastri offcll"
"1775101350-16","https://www.tokopedia.com/search?condition=2&navsource=&srp_component_id=04.06.00.00&srp_page_id=&srp_page_title=&st=&q=hp%20sony","https://www.tokopedia.com/rubypreloved-tuff/sony-xperia-1-all-operator-1731147048279835862?extParam=ivf%3Dfalse%26keyword%3Dhp+sony%26search_id%3D202604020340279DE6D14FFF980614FYLM%26src%3Dsearch","sony xperia 1 All Operator","Rp2.698.000","","","1 barang berhasil terjual","RubyPreloved tuff"
"1775101356-17","https://www.tokopedia.com/search?condition=2&navsource=&srp_component_id=04.06.00.00&srp_page_id=&srp_page_title=&st=&q=hp%20sony","https://www.tokopedia.com/habiburrohman-shop/sony-xperia-xz3-produk-dengan-informasi-yang-tersedia-1731975609093227730?extParam=ivf%3Dfalse%26keyword%3Dhp+sony%26search_id%3D202604020340279DE6D14FFF980614FYLM%26src%3Dsearch","Sony Xperia XZ3 - Produk Dengan Informasi Yang Tersedia","Rp800.000","","","","habiburrohman shop_NEW"
"1775101361-18","https://www.tokopedia.com/search?condition=2&navsource=&srp_component_id=04.06.00.00&srp_page_id=&srp_page_title=&st=&q=hp%20sony","https://www.tokopedia.com/mastri-offcll/sony-xz-premium-4-64-good-condition-1734061589297858115?extParam=ivf%3Dfalse%26keyword%3Dhp+sony%26search_id%3D202604020340279DE6D14FFF980614FYLM%26src%3Dsearch","Sony Xz Premium 4/64 Good Condition - Sony Xz Premium, DEEPSEABLACK GLOBAL UNIT A","Rp1.550.000","5.0","2 rating • 1 ulasan","Terjual 3","mastri offcll"
"1775101366-19","https://www.tokopedia.com/search?condition=2&navsource=&srp_component_id=04.06.00.00&srp_page_id=&srp_page_title=&st=&q=hp%20sony","https://www.tokopedia.com/redzamarket/sony-xperia-xz2-au?extParam=ivf%3Dfalse%26keyword%3Dhp+sony%26search_id%3D202604020340279DE6D14FFF980614FYLM%26src%3Dsearch","sony xperia xz2 au","Rp1.100.000","","","","redzaMarket"
"1775101371-20","https://www.tokopedia.com/search?condition=2&navsource=&srp_component_id=04.06.00.00&srp_page_id=&srp_page_title=&st=&q=hp%20sony","https://www.tokopedia.com/anak-wedok-jasmine/sony-xperia-xzs-au-hp-minus-1731736838888916835?extParam=ivf%3Dfalse%26keyword%3Dhp+sony%26search_id%3D202604020340279DE6D14FFF980614FYLM%26src%3Dsearch","Sony xperia xzs AU/HP minus","Rp250.000","","","","ANAK WEDOK JASMINE"
"1775101377-21","https://www.tokopedia.com/search?condition=2&navsource=&srp_component_id=04.06.00.00&srp_page_id=&srp_page_title=&st=&q=hp%20sony","https://www.tokopedia.com/windows-android-ios/sony-xperia-xz2-global?extParam=ivf%3Dfalse%26keyword%3Dhp+sony%26search_id%3D202604020340279DE6D14FFF980614FYLM%26src%3Dsearch","sony xperia xz2 global","Rp3.000.000","5.0","1 rating • 0 ulasan","Terjual 1","android ios windows harmony"
"1775101382-22","https://www.tokopedia.com/search?condition=2&navsource=&srp_component_id=04.06.00.00&srp_page_id=&srp_page_title=&st=&q=hp%20sony","https://www.tokopedia.com/ulilaini-1/sony-xperia-8?extParam=ivf%3Dfalse%26keyword%3Dhp+sony%26search_id%3D202604020340279DE6D14FFF980614FYLM%26src%3Dsearch","Sony Xperia 8","Rp1.500.000","","","","@ulilaini"
"1775101387-23","https://www.tokopedia.com/search?condition=2&navsource=&srp_component_id=04.06.00.00&srp_page_id=&srp_page_title=&st=&q=hp%20sony","https://www.tokopedia.com/indramjazz/sony-xperia-xz2-compact-docomo-original?extParam=ivf%3Dfalse%26keyword%3Dhp+sony%26search_id%3D202604020340279DE6D14FFF980614FYLM%26src%3Dsearch","sony xperia xz2 compact docomo original","Rp1.450.000","4.6","50 rating • 35 ulasan","Terjual 70+","jazz gadget store"
"1775101392-24","https://www.tokopedia.com/search?condition=2&navsource=&srp_component_id=04.06.00.00&srp_page_id=&srp_page_title=&st=&q=hp%20sony","https://www.tokopedia.com/ciko/sony-xperia-xz1-1?extParam=ivf%3Dfalse%26keyword%3Dhp+sony%26search_id%3D202604020340279DE6D14FFF980614FYLM%26src%3Dsearch","Sony xperia XZ1","Rp3.850.000","5.0","3 rating • 2 ulasan","Terjual 3","Cik@_NEW"
"1775101397-25","https://www.tokopedia.com/search?condition=2&navsource=&srp_component_id=04.06.00.00&srp_page_id=&srp_page_title=&st=&q=hp%20sony","https://www.tokopedia.com/astro-m/sony-xperia-5-mark-ii-blue-1732269513942533191?extParam=ivf%3Dfalse%26keyword%3Dhp+sony%26search_id%3D202604020340279DE6D14FFF980614FYLM%26src%3Dsearch","","","","","",""
"1775101402-26","https://www.tokopedia.com/search?condition=2&navsource=&srp_component_id=04.06.00.00&srp_page_id=&srp_page_title=&st=&q=hp%20sony","https://www.tokopedia.com/geexminis/super-mulus-sony-xperia-10-mark-v-5g-dual-sim-8-128gb-global-version-pajak-resmi-bea-cukai-1734335515348928258?extParam=ivf%3Dfalse%26keyword%3Dhp+sony%26search_id%3D202604020340279DE6D14FFF980614FYLM%26src%3Dsearch","Super Mulus Sony xperia 10 mark V 5G Dual sim 8/128GB Global Version Pajak resmi bea cukai","Rp7.000.000","","","","Geex Minies"
"1775101407-27","https://www.tokopedia.com/search?condition=2&navsource=&srp_component_id=04.06.00.00&srp_page_id=&srp_page_title=&st=&q=hp%20sony","https://www.tokopedia.com/garagessecond/sony-xperia-1-vii-orchid-purple-12-256-gb-1734510681624840083?extParam=ivf%3Dfalse%26keyword%3Dhp+sony%26search_id%3D202604020340279DE6D14FFF980614FYLM%26src%3Dsearch","SONY XPERIA 1 VII Orchid Purple 12/256 GB","Rp23.299.000","","","","GaragesSecond"
"1775101412-28","https://www.tokopedia.com/search?condition=2&navsource=&srp_component_id=04.06.00.00&srp_page_id=&srp_page_title=&st=&q=hp%20sony","https://www.tokopedia.com/basukisulistanto/sony-xperia-neo-l-resmi-ex-display-mulus-like-new-bukan-refurbished-1732428458257122750?extParam=ivf%3Dfalse%26keyword%3Dhp+sony%26search_id%3D202604020340279DE6D14FFF980614FYLM%26src%3Dsearch","SONY XPERIA NEO L, RESMI, Ex DISPLAY MULUS LIKE NEW, BUKAN REFURBISHED","Rp299.000","","","2 barang berhasil terjual","BASTIAN GOKIL"
"1775101417-29","https://www.tokopedia.com/search?condition=2&navsource=&srp_component_id=04.06.00.00&srp_page_id=&srp_page_title=&st=&q=hp%20sony","https://www.tokopedia.com/windows-android-ios/sony-xperia-1-iii-12-256gb-generasi-ke-3-second-orignal?extParam=ivf%3Dfalse%26keyword%3Dhp+sony%26search_id%3D202604020340279DE6D14FFF980614FYLM%26src%3Dsearch","SONY XPERIA 1 iii 12-256GB GENERASI KE 3 SECOND ORIGNAL","Rp5.170.000","5.0","1 rating • 1 ulasan","Terjual 1","android ios windows harmony"
"1775101422-30","https://www.tokopedia.com/search?condition=2&navsource=&srp_component_id=04.06.00.00&srp_page_id=&srp_page_title=&st=&q=hp%20sony","https://www.tokopedia.com/fickastore/sony-xperia-5-iii?extParam=ivf%3Dfalse%26keyword%3Dhp+sony%26search_id%3D202604020340279DE6D14FFF980614FYLM%26src%3Dsearch","sony xperia 5 iii","Rp5.000.000","5.0","2 rating • 1 ulasan","Terjual 4","ficka cell"
"1775101428-31","https://www.tokopedia.com/search?condition=2&navsource=&srp_component_id=04.06.00.00&srp_page_id=&srp_page_title=&st=&q=hp%20sony","https://www.tokopedia.com/mastri-offcll/sony-xz2-4-64-good-condition-1731730600100005022?extParam=ivf%3Dfalse%26keyword%3Dhp+sony%26search_id%3D202604020340279DE6D14FFF980614FYLM%26src%3Dsearch","Sony XZ2 4/64 Good Condition - Hijau","Rp875.000","3.0","2 rating • 0 ulasan","Terjual 4","mastri offcll"
"1775101433-32","https://www.tokopedia.com/search?condition=2&navsource=&srp_component_id=04.06.00.00&srp_page_id=&srp_page_title=&st=&q=hp%20sony","https://www.tokopedia.com/rubypreloved-tuff/sony-xperia-xz3-noralmal-mulus-100?extParam=ivf%3Dfalse%26keyword%3Dhp+sony%26search_id%3D202604020340279DE6D14FFF980614FYLM%26src%3Dsearch","Sony Xperia xz3 noralmal mulus 100%","Rp1.998.000","","","1 barang berhasil terjual","RubyPreloved tuff"
"1775101438-33","https://www.tokopedia.com/search?condition=2&navsource=&srp_component_id=04.06.00.00&srp_page_id=&srp_page_title=&st=&q=hp%20sony","https://www.tokopedia.com/davidvid/sony-xz-premium-dual-sim-resmi-indonesia-global?extParam=ivf%3Dfalse%26keyword%3Dhp+sony%26search_id%3D202604020340279DE6D14FFF980614FYLM%26src%3Dsearch","sony xz premium dual sim resmi indonesia global","Rp8.000.000","5.0","3 rating • 2 ulasan","Terjual 3","David SAE"
"1775101443-34","https://www.tokopedia.com/search?condition=2&navsource=&srp_component_id=04.06.00.00&srp_page_id=&srp_page_title=&st=&q=hp%20sony","https://www.tokopedia.com/afatstorecell/sony-xperia-z5-3gb-32gb-fullset?extParam=ivf%3Dfalse%26keyword%3Dhp+sony%26search_id%3D202604020340279DE6D14FFF980614FYLM%26src%3Dsearch","Sony Xperia Z5 3gb/32gb Fullset","Rp1.399.000","","","","Afatstore cell"
"1775101448-35","https://www.tokopedia.com/search?condition=2&navsource=&srp_component_id=04.06.00.00&srp_page_id=&srp_page_title=&st=&q=hp%20sony","https://www.tokopedia.com/zr-gadget/sony-xperia-5-ex-review-mulus?extParam=ivf%3Dfalse%26keyword%3Dhp+sony%26search_id%3D202604020340279DE6D14FFF980614FYLM%26src%3Dsearch","Sony Xperia 5 ex Review Mulus","Rp3.149.000","5.0","4 rating • 4 ulasan","Terjual 4","Zain Rendi Shop"
"1775101453-36","https://www.tokopedia.com/search?condition=2&navsource=&srp_component_id=04.06.00.00&srp_page_id=&srp_page_title=&st=&q=hp%20sony","https://www.tokopedia.com/evelineonlineshop/sony-xperia-5-ii?extParam=ivf%3Dfalse%26keyword%3Dhp+sony%26search_id%3D202604020340279DE6D14FFF980614FYLM%26src%3Dsearch","Sony Xperia 5 ii","Rp3.250.000","5.0","1 rating • 1 ulasan","Terjual 1","Eveline Online-Shop"
"1775101458-37","https://www.tokopedia.com/search?condition=2&navsource=&srp_component_id=04.06.00.00&srp_page_id=&srp_page_title=&st=&q=hp%20sony","https://www.tokopedia.com/cozysolution/sony-xperia-z3-compact?extParam=ivf%3Dfalse%26keyword%3Dhp+sony%26search_id%3D202604020340279DE6D14FFF980614FYLM%26src%3Dsearch","SONY XPERIA Z3 COMPACT","Rp1.050.000","","","2 barang berhasil terjual","Cozy Solution"
"1775101463-38","https://www.tokopedia.com/search?condition=2&navsource=&srp_component_id=04.06.00.00&srp_page_id=&srp_page_title=&st=&q=hp%20sony","https://www.tokopedia.com/catcatshop-2/sony-xperia-10-mark-iv-all-operator-1731448468579583309?extParam=ivf%3Dfalse%26keyword%3Dhp+sony%26search_id%3D202604020340279DE6D14FFF980614FYLM%26src%3Dsearch","Sony xperia 10 mark iv all operator","Rp2.000.000","","","1 barang berhasil terjual","Catcatshop"
"1775101468-39","https://www.tokopedia.com/search?condition=2&navsource=&srp_component_id=04.06.00.00&srp_page_id=&srp_page_title=&st=&q=hp%20sony","https://www.tokopedia.com/azamkhoirul96/hp-sony-xperia-dacomo?extParam=ivf%3Dfalse%26keyword%3Dhp+sony%26search_id%3D202604020340279DE6D14FFF980614FYLM%26src%3Dsearch","hp sony xperia dacomo","Rp185.000","","","","toko sumber rezeki 1990"
"1775101473-40","https://www.tokopedia.com/search?condition=2&navsource=&srp_component_id=04.06.00.00&srp_page_id=&srp_page_title=&st=&q=hp%20sony","https://www.tokopedia.com/joshjj-collection/sony-xperia-1-mark-iv-global-1734592091249542775?extParam=ivf%3Dfalse%26keyword%3Dhp+sony%26search_id%3D202604020340279DE6D14FFF980614FYLM%26src%3Dsearch","Sony Xperia 1 mark IV Global","Rp2.200.000","","","","J&j 2ndHand"
"1775101479-41","https://www.tokopedia.com/search?condition=2&navsource=&srp_component_id=04.06.00.00&srp_page_id=&srp_page_title=&st=&q=hp%20sony","https://www.tokopedia.com/saifulmarz/sony-xperia-1-mark1-beacukai-1733075637449491811?extParam=ivf%3Dfalse%26keyword%3Dhp+sony%26search_id%3D202604020340279DE6D14FFF980614FYLM%26src%3Dsearch","sony xperia 1 mark1 beacukai","Rp1.500.000","","","1 barang berhasil terjual","Saifulmarz"
"1775101484-42","https://www.tokopedia.com/search?condition=2&navsource=&srp_component_id=04.06.00.00&srp_page_id=&srp_page_title=&st=&q=hp%20sony","https://www.tokopedia.com/mastri-offcll/sony-xz3-4-64-good-condition-1732664890850903619?extParam=ivf%3Dfalse%26keyword%3Dhp+sony%26search_id%3D202604020340279DE6D14FFF980614FYLM%26src%3Dsearch","Sony Xz3 4/64 Good Condition - Silver","Rp1.600.000","","","2 barang berhasil terjual","mastri offcll"
"1775101489-43","https://www.tokopedia.com/search?condition=2&navsource=&srp_component_id=04.06.00.00&srp_page_id=&srp_page_title=&st=&q=hp%20sony","https://www.tokopedia.com/windows-android-ios/sony-xperia-xz2-hitam-mulus?extParam=ivf%3Dfalse%26keyword%3Dhp+sony%26search_id%3D202604020340279DE6D14FFF980614FYLM%26src%3Dsearch","sony xperia xz2 hitam mulus","Rp3.000.000","4.0","1 rating • 0 ulasan","Terjual 2","android ios windows harmony"
"1775101494-44","https://www.tokopedia.com/search?condition=2&navsource=&srp_component_id=04.06.00.00&srp_page_id=&srp_page_title=&st=&q=hp%20sony","https://www.tokopedia.com/omunyet/sony-xperia-pro-i-12-512gb-original-1731562603809900131?extParam=ivf%3Dfalse%26keyword%3Dhp+sony%26search_id%3D202604020340279DE6D14FFF980614FYLM%26src%3Dsearch","SONY XPERIA PRO-I 12/512GB ORIGINAL - Frosted Black, Mulus","Rp13.924.000","5.0","1 rating • 1 ulasan","Terjual 1","Om Unyet"
"1775101499-45","https://www.tokopedia.com/search?condition=2&navsource=&srp_component_id=04.06.00.00&srp_page_id=&srp_page_title=&st=&q=hp%20sony","https://www.tokopedia.com/spearparthp/sony-xperia-x-performance-memori-3-32-gb-1733646172279178786?extParam=ivf%3Dfalse%26keyword%3Dhp+sony%26search_id%3D202604020340279DE6D14FFF980614FYLM%26src%3Dsearch","SONY XPERIA X PERFORMANCE Memori 3/32 GB","Rp490.000","","","","VC PHONE SHOP PONOROGO"
"1775101504-46","https://www.tokopedia.com/search?condition=2&navsource=&srp_component_id=04.06.00.00&srp_page_id=&srp_page_title=&st=&q=hp%20sony","https://www.tokopedia.com/sch-1623/sony-xperia-z1-compact-docomo-murah?extParam=ivf%3Dfalse%26keyword%3Dhp+sony%26search_id%3D202604020340279DE6D14FFF980614FYLM%26src%3Dsearch","sony xperia Z1 compact docomo murah","Rp520.008","","","","SCH - 1623"
"1775101509-47","https://www.tokopedia.com/search?condition=2&navsource=&srp_component_id=04.06.00.00&srp_page_id=&srp_page_title=&st=&q=hp%20sony","https://www.tokopedia.com/aran-store-barkas/sony-xperia-x-perfomance-3-32-bekas-lengkap-garasi-resmi-77276-1733614946457257653?extParam=ivf%3Dfalse%26keyword%3Dhp+sony%26search_id%3D202604020340279DE6D14FFF980614FYLM%26src%3Dsearch","Sony Xperia X Perfomance 3/32 Bekas Lengkap Garasi Resmi #77276","Rp555.000","","","","Aran Store Barkas"
"1775101514-48","https://www.tokopedia.com/search?condition=2&navsource=&srp_component_id=04.06.00.00&srp_page_id=&srp_page_title=&st=&q=hp%20sony","https://www.tokopedia.com/hendra-storw/sony-xperia-5-mark-iii-green-line-1731865557463368942?extParam=ivf%3Dfalse%26keyword%3Dhp+sony%26search_id%3D202604020340279DE6D14FFF980614FYLM%26src%3Dsearch","Sony Xperia 5 Mark III Green Line","Rp1.149.999","","","","Hendra Storw"
"1775101519-49","https://www.tokopedia.com/search?condition=2&navsource=&srp_component_id=04.06.00.00&srp_page_id=&srp_page_title=&st=&q=hp%20sony","https://www.tokopedia.com/rubypreloved-tuff/sony-xperia-xz3-docomo-au-all-operator-normal-1731523915268982656?extParam=ivf%3Dfalse%26keyword%3Dhp+sony%26search_id%3D202604020340279DE6D14FFF980614FYLM%26src%3Dsearch","sony xperia xz3 docomo au all operator normal","Rp1.998.000","","","","RubyPreloved tuff"
"1775101524-50","https://www.tokopedia.com/search?condition=2&navsource=&srp_component_id=04.06.00.00&srp_page_id=&srp_page_title=&st=&q=hp%20sony","https://www.tokopedia.com/pikasanamart/sony-xperia-p-lt22i-1-16gb-kondisi-minus-rusak?extParam=ivf%3Dfalse%26keyword%3Dhp+sony%26search_id%3D202604020340279DE6D14FFF980614FYLM%26src%3Dsearch","Sony Xperia P LT22i (1/16GB) kondisi MINUS/RUSAK","Rp118.800","","","","PikaSana Mart"
"1775101530-51","https://www.tokopedia.com/search?condition=2&navsource=&srp_component_id=04.06.00.00&srp_page_id=&srp_page_title=&st=&q=hp%20sony","https://www.tokopedia.com/defostore/hp-android-jadul-sony-xperia-ray-gold-super-slim-hp-unik-hp-langka-normal-1732177480865449426?extParam=ivf%3Dfalse%26keyword%3Dhp+sony%26search_id%3D202604020340279DE6D14FFF980614FYLM%26src%3Dsearch","Hp android jadul sony Xperia ray gold super slim hp unik hp langka normal","Rp650.000","5.0","1 rating • 1 ulasan","Terjual 2","Retroponic"
"1775101535-52","https://www.tokopedia.com/search?condition=2&navsource=&srp_component_id=04.06.00.00&srp_page_id=&srp_page_title=&st=&q=hp%20sony","https://www.tokopedia.com/neatlystore/hp-second-sony-xz3-ram-4-64-gb-murah-mulus-all-operator?extParam=ivf%3Dfalse%26keyword%3Dhp+sony%26search_id%3D202604020340279DE6D14FFF980614FYLM%26src%3Dsearch","hp second sony xz3 ram 4/64 gb murah mulus all operator","Rp1.849.000","5.0","3 rating • 3 ulasan","Terjual 3","Neatly Store"
"1775101540-53","https://www.tokopedia.com/search?condition=2&navsource=&srp_component_id=04.06.00.00&srp_page_id=&srp_page_title=&st=&q=hp%20sony","https://www.tokopedia.com/hapeku-semarang/sony-xperia-1-super-mulus-like-new-all-operator-indonesia-murah-mulus-96-98-all-tdk-terdaft?extParam=ivf%3Dfalse%26keyword%3Dhp+sony%26search_id%3D202604020340279DE6D14FFF980614FYLM%26src%3Dsearch","Sony Xperia 1 Super Mulus Like New ALL Operator Indonesia Murah - MULUS 96-98%, ALL(TDK TERDAFT","Rp2.450.000","4.7","255 rating • 183 ulasan","Terjual 250+","HAPEKU SEMARANG"
"1775101545-54","https://www.tokopedia.com/search?condition=2&navsource=&srp_component_id=04.06.00.00&srp_page_id=&srp_page_title=&st=&q=hp%20sony","https://www.tokopedia.com/indramjazz/sony-xperia-xz1-compact-docomo-original-mulus?extParam=ivf%3Dfalse%26keyword%3Dhp+sony%26search_id%3D202604020340279DE6D14FFF980614FYLM%26src%3Dsearch","Sony xperia xz1 compact docomo original Mulus","Rp1.450.000","4.6","63 rating • 44 ulasan","Terjual 80+","jazz gadget store"
"1775101550-55","https://www.tokopedia.com/search?condition=2&navsource=&srp_component_id=04.06.00.00&srp_page_id=&srp_page_title=&st=&q=hp%20sony","https://www.tokopedia.com/evelineonline/sony-xperia-xz1-dual-sim-global?extParam=ivf%3Dfalse%26keyword%3Dhp+sony%26search_id%3D202604020340279DE6D14FFF980614FYLM%26src%3Dsearch","Sony Xperia XZ1 Dual SIM Global","Rp3.550.000","5.0","1 rating • 1 ulasan","Terjual 1","Eveline Online Shop"
"1775101555-56","https://www.tokopedia.com/search?condition=2&navsource=&srp_component_id=04.06.00.00&srp_page_id=&srp_page_title=&st=&q=hp%20sony","https://www.tokopedia.com/dstore-inc/sony-xperia-mark-ii-8-256-gb-global?extParam=ivf%3Dfalse%26keyword%3Dhp+sony%26search_id%3D202604020340279DE6D14FFF980614FYLM%26src%3Dsearch","Sony Xperia Mark ii 8/256 GB Global","Rp9.999.999","","","","DSTORE-INC"
"1775101560-57","https://www.tokopedia.com/search?condition=2&navsource=&srp_component_id=04.06.00.00&srp_page_id=&srp_page_title=&st=&q=hp%20sony","https://www.tokopedia.com/rubypreloved-tuff/sony-xperia-xz1-compact-original-1731118998229648598?extParam=ivf%3Dfalse%26keyword%3Dhp+sony%26search_id%3D202604020340279DE6D14FFF980614FYLM%26src%3Dsearch","Sony Xperia XZ1 Compact Original","Rp1.598.000","","","","RubyPreloved tuff"
"1775101565-58","https://www.tokopedia.com/search?condition=2&navsource=&srp_component_id=04.06.00.00&srp_page_id=&srp_page_title=&st=&q=hp%20sony","https://www.tokopedia.com/indramjazz/sony-xperia-xz2-sinyal-aman-original-bergaransi?extParam=ivf%3Dfalse%26keyword%3Dhp+sony%26search_id%3D202604020340279DE6D14FFF980614FYLM%26src%3Dsearch","sony xperia xz2 sinyal aman original bergaransi","Rp1.300.000","4.3","14 rating • 8 ulasan","Terjual 27","jazz gadget store"
"1775101570-59","https://www.tokopedia.com/search?condition=2&navsource=&srp_component_id=04.06.00.00&srp_page_id=&srp_page_title=&st=&q=hp%20sony","https://www.tokopedia.com/abcdstar/sony-xperia-xz2-compact-all-operator?extParam=ivf%3Dfalse%26keyword%3Dhp+sony%26search_id%3D202604020340279DE6D14FFF980614FYLM%26src%3Dsearch","sony xperia xz2 compact all operator","Rp2.098.000","5.0","2 rating • 1 ulasan","Terjual 2","abcd star"
"1775101575-60","https://www.tokopedia.com/search?condition=2&navsource=&srp_component_id=04.06.00.00&srp_page_id=&srp_page_title=&st=&q=hp%20sony","https://www.tokopedia.com/indramjazz/sony-xperia-1-mark-ii-128gb-original-1731261413050123643?extParam=ivf%3Dfalse%26keyword%3Dhp+sony%26search_id%3D202604020340279DE6D14FFF980614FYLM%26src%3Dsearch","Sony Xperia 1 Mark ii 128gb original","Rp3.500.000","","","","jazz gadget store"
"1775101581-61","https://www.tokopedia.com/search?condition=2&navsource=&srp_component_id=04.06.00.00&srp_page_id=&srp_page_title=&st=&q=hp%20sony","https://www.tokopedia.com/lana-cellindo/sony-xperia-xz2-ram-4-64gb-4-64-gb-second-original-1730863558139611080?extParam=ivf%3Dfalse%26keyword%3Dhp+sony%26search_id%3D202604020340279DE6D14FFF980614FYLM%26src%3Dsearch","sony Xperia xz2 ram 4/64gb 4 / 64 gb second original","Rp1.380.000","5.0","3 rating • 1 ulasan","Terjual 9","lana cellindo"
"1775101586-62","https://www.tokopedia.com/search?condition=2&navsource=&srp_component_id=04.06.00.00&srp_page_id=&srp_page_title=&st=&q=hp%20sony","https://www.tokopedia.com/unfco-store/sony-xperia-x-compact-3-32-second-1731830694277842120?extParam=ivf%3Dfalse%26keyword%3Dhp+sony%26search_id%3D202604020340279DE6D14FFF980614FYLM%26src%3Dsearch","Sony Xperia X Compact 3/32 Second","Rp550.000","","","","UNF.co Store"
"1775101591-63","https://www.tokopedia.com/search?condition=2&navsource=&srp_component_id=04.06.00.00&srp_page_id=&srp_page_title=&st=&q=hp%20sony","https://www.tokopedia.com/empatkawan/sony-xperia-5-ii-second-internal-128gb-ram-8gb-original-hitam-mulus-540d6?extParam=ivf%3Dfalse%26keyword%3Dhp+sony%26search_id%3D202604020340279DE6D14FFF980614FYLM%26src%3Dsearch","SONY XPERIA 5 ii SECOND INTERNAL 128GB RAM 8GB ORIGINAL - Hitam, Mulus","Rp2.899.000","5.0","4 rating • 4 ulasan","Terjual 4","EmpatKawan"
"1775101596-64","https://www.tokopedia.com/search?condition=2&navsource=&srp_component_id=04.06.00.00&srp_page_id=&srp_page_title=&st=&q=hp%20sony","https://www.tokopedia.com/hpmurahjakarta/sony-xperia-c4-dual-e5333-garansi-resmi-tam?extParam=ivf%3Dfalse%26keyword%3Dhp+sony%26search_id%3D202604020340279DE6D14FFF980614FYLM%26src%3Dsearch","SONY XPERIA C4 DUAL E5333 - GARANSI RESMI TAM","Rp599.000","","","2 barang berhasil terjual","HP MURAH JAKARTA"
"1775101601-65","https://www.tokopedia.com/search?condition=2&navsource=&srp_component_id=04.06.00.00&srp_page_id=&srp_page_title=&st=&q=hp%20sony","https://www.tokopedia.com/hapeku-semarang/sony-xperia-x-performance-3-32gb-super-mulus-like-new-murah-bergaransi?extParam=ivf%3Dfalse%26keyword%3Dhp+sony%26search_id%3D202604020340279DE6D14FFF980614FYLM%26src%3Dsearch","Sony Xperia X Performance 3/32GB Super Mulus Like New Murah Bergaransi","Rp750.000","3.5","4 rating • 3 ulasan","Terjual 7","HAPEKU SEMARANG"
"1775101607-66","https://www.tokopedia.com/search?condition=2&navsource=&srp_component_id=04.06.00.00&srp_page_id=&srp_page_title=&st=&q=hp%20sony","https://www.tokopedia.com/sch-1623/sony-xperia-zr-docomo-232?extParam=ivf%3Dfalse%26keyword%3Dhp+sony%26search_id%3D202604020340279DE6D14FFF980614FYLM%26src%3Dsearch","sony Xperia ZR docomo 2/32","Rp550.000","4.7","10 rating • 10 ulasan","Terjual 21","SCH - 1623"
"1775101612-67","https://www.tokopedia.com/search?condition=2&navsource=&srp_component_id=04.06.00.00&srp_page_id=&srp_page_title=&st=&q=hp%20sony","https://www.tokopedia.com/astro-m/sony-xperia-1-mark-iii-black-bea-cukai-1734637383258637383?extParam=ivf%3Dfalse%26keyword%3Dhp+sony%26search_id%3D202604020340279DE6D14FFF980614FYLM%26src%3Dsearch","Sony Xperia 1 Mark III Black Bea cukai","Rp5.510.000","","","","Astro-Mobile"
"1775101617-68","https://www.tokopedia.com/search?condition=2&navsource=&srp_component_id=04.06.00.00&srp_page_id=&srp_page_title=&st=&q=hp%20sony","https://www.tokopedia.com/rubypreloved-tuff/sony-xperia-xz2-premium-all-operator-1731118859624613078?extParam=ivf%3Dfalse%26keyword%3Dhp+sony%26search_id%3D202604020340279DE6D14FFF980614FYLM%26src%3Dsearch","Sony Xperia XZ2 Premium All Operator","Rp2.398.000","","","1 barang berhasil terjual","RubyPreloved tuff"
"1775101622-69","https://www.tokopedia.com/search?condition=2&navsource=&srp_component_id=04.06.00.00&srp_page_id=&srp_page_title=&st=&q=hp%20sony","https://www.tokopedia.com/putra11selatan/sony-xz1-4-64gb-mlus-aman-sentosa?extParam=ivf%3Dfalse%26keyword%3Dhp+sony%26search_id%3D202604020340279DE6D14FFF980614FYLM%26src%3Dsearch","sony xz1 4/64GB mlus aman sentosa","Rp650.000","","","1 barang berhasil terjual","putra selatan tujuh negara"
"1775101627-70","https://www.tokopedia.com/search?condition=2&navsource=&srp_component_id=04.06.00.00&srp_page_id=&srp_page_title=&st=&q=hp%20sony","https://www.tokopedia.com/garasikevinsaputra/sony-xperia-10-vi-white-100-like-new-rasa-baru-bnib-bonus-original-charger-samsung-25w-1733725118337353133?extParam=ivf%3Dfalse%26keyword%3Dhp+sony%26search_id%3D202604020340279DE6D14FFF980614FYLM%26src%3Dsearch","Sony Xperia 10 VI - White - 100% LIKE NEW (Rasa Baru) - bnib bonus original charger samsung 25w","Rp7.487.988","","","","GarasiKevinSaputra"
"1775101633-71","https://www.tokopedia.com/search?condition=2&navsource=&srp_component_id=04.06.00.00&srp_page_id=&srp_page_title=&st=&q=hp%20sony","https://www.tokopedia.com/lana-cellindo/sony-xperia-xz2-compact-4-64gb-second-original-1730859282144331720?extParam=ivf%3Dfalse%26keyword%3Dhp+sony%26search_id%3D202604020340279DE6D14FFF980614FYLM%26src%3Dsearch","Sony Xperia XZ2 Compact 4/64Gb second original - Putih, xz2 big","Rp1.380.000","4.8","105 rating • 75 ulasan","Terjual 100+","lana cellindo"
"1775101638-72","https://www.tokopedia.com/search?condition=2&navsource=&srp_component_id=04.06.00.00&srp_page_id=&srp_page_title=&st=&q=hp%20sony","https://www.tokopedia.com/empatkawan/sony-xperia-5-iii-5g-ram-8gb-internal-128gb-second-original-hitam-muluss-284eb?extParam=ivf%3Dfalse%26keyword%3Dhp+sony%26search_id%3D202604020340279DE6D14FFF980614FYLM%26src%3Dsearch","SONY XPERIA 5 III 5G RAM 8GB INTERNAL 128GB SECOND ORIGINAL - Hitam, Muluss","Rp3.399.000","5.0","4 rating • 4 ulasan","Terjual 5","EmpatKawan"
"1775101643-73","https://www.tokopedia.com/search?condition=2&navsource=&srp_component_id=04.06.00.00&srp_page_id=&srp_page_title=&st=&q=hp%20sony","https://www.tokopedia.com/indramjazz/sony-xperia-xz2-premium-room-au-original?extParam=ivf%3Dfalse%26keyword%3Dhp+sony%26search_id%3D202604020340279DE6D14FFF980614FYLM%26src%3Dsearch","Sony xperia xz2 premium room au original","Rp1.600.000","5.0","7 rating • 6 ulasan","Terjual 12","jazz gadget store"
"1775101648-74","https://www.tokopedia.com/search?condition=2&navsource=&srp_component_id=04.06.00.00&srp_page_id=&srp_page_title=&st=&q=hp%20sony","https://www.tokopedia.com/empatkawan/sony-xperia-5-mark-iv-ram-8-internal-128gb-second-original-hijau-resmi-beacukai-90b4b?extParam=ivf%3Dfalse%26keyword%3Dhp+sony%26search_id%3D202604020340279DE6D14FFF980614FYLM%26src%3Dsearch","SONY XPERIA 5 MARK IV RAM 8 INTERNAL 128GB SECOND ORIGINAL - Hijau, Resmi Beacukai","Rp7.169.000","5.0","1 rating • 0 ulasan","Terjual 1","EmpatKawan"
"1775101653-75","https://www.tokopedia.com/search?condition=2&navsource=&srp_component_id=04.06.00.00&srp_page_id=&srp_page_title=&st=&q=hp%20sony","https://www.tokopedia.com/warlord-reborn/sony-xperia-1-one-versi-au-mulus-sinyal-bisa-all-operator-1734465642355786764?extParam=ivf%3Dfalse%26keyword%3Dhp+sony%26search_id%3D202604020340279DE6D14FFF980614FYLM%26src%3Dsearch","Sony Xperia 1 one versi au mulus sinyal bisa all operator","Rp1.650.000","","","","Warlord Reborn"
"1775101658-76","https://www.tokopedia.com/search?condition=2&navsource=&srp_component_id=04.06.00.00&srp_page_id=&srp_page_title=&st=&q=hp%20sony","https://www.tokopedia.com/rubypreloved-tuff/sony-xperia-1-mark-2-5g-all-operator-1731120235305665750?extParam=ivf%3Dfalse%26keyword%3Dhp+sony%26search_id%3D202604020340279DE6D14FFF980614FYLM%26src%3Dsearch","Sony Xperia 1 Mark 2 5G All Operator","Rp6.150.000","","","","RubyPreloved tuff"
"1775101664-77","https://www.tokopedia.com/search?condition=2&navsource=&srp_component_id=04.06.00.00&srp_page_id=&srp_page_title=&st=&q=hp%20sony","https://www.tokopedia.com/chislonia/second-sony-xperia-xz1-au-rosegold-4-64gb-unit-only-1731533070377387014?extParam=ivf%3Dfalse%26keyword%3Dhp+sony%26search_id%3D202604020340279DE6D14FFF980614FYLM%26src%3Dsearch","[SECOND] Sony Xperia XZ1 AU Rosegold 4/64GB UNIT ONLY - 95-97%","Rp850.000","5.0","1 rating • 1 ulasan","Terjual 1","Chislonia"
"1775101669-78","https://www.tokopedia.com/search?condition=2&navsource=&srp_component_id=04.06.00.00&srp_page_id=&srp_page_title=&st=&q=hp%20sony","https://www.tokopedia.com/lana-cellindo/sony-xperia-5-ram-6-gb-64-gb-6-64-gb-second-original-93-97-b61ea?extParam=ivf%3Dfalse%26keyword%3Dhp+sony%26search_id%3D202604020340279DE6D14FFF980614FYLM%26src%3Dsearch","sony xperia 5 ram 6 gb / 64 gb 6/64 gb second original - 93-97%","Rp1.860.000","4.5","66 rating • 35 ulasan","Terjual 100+","lana cellindo"
"1775101674-79","https://www.tokopedia.com/search?condition=2&navsource=&srp_component_id=04.06.00.00&srp_page_id=&srp_page_title=&st=&q=hp%20sony","https://www.tokopedia.com/hpmurahjakarta/sony-xperia-z3-d6653-ram-3gb-internal-16gb-resmi-tam?extParam=ivf%3Dfalse%26keyword%3Dhp+sony%26search_id%3D202604020340279DE6D14FFF980614FYLM%26src%3Dsearch","SONY XPERIA Z3 D6653 RAM 3GB INTERNAL 16GB - RESMI TAM","Rp1.200.000","5.0","1 rating • 1 ulasan","Terjual 3","HP MURAH JAKARTA"
"1775101679-80","https://www.tokopedia.com/search?condition=2&navsource=&srp_component_id=04.06.00.00&srp_page_id=&srp_page_title=&st=&q=hp%20sony","https://www.tokopedia.com/tsukiko-shop/sony-xperia-10-iv-6-128-minus-lcd-1734495381117175800?extParam=ivf%3Dfalse%26keyword%3Dhp+sony%26search_id%3D202604020340279DE6D14FFF980614FYLM%26src%3Dsearch","Sony Xperia 10 IV 6/128 minus LCD","Rp399.994","","","","Tsukiko-shop"
"1775101684-81","https://www.tokopedia.com/search?condition=2&navsource=&srp_component_id=04.06.00.00&srp_page_id=&srp_page_title=&st=&q=hp%20sony","https://www.tokopedia.com/e2lapak/sony-xperia-zr-normal-hp-handphone?extParam=ivf%3Dfalse%26keyword%3Dhp+sony%26search_id%3D202604020340279DE6D14FFF980614FYLM%26src%3Dsearch","Sony Xperia ZR Normal Hp Handphone","Rp90.000","","","","E2 Lapak"
"1775101689-82","https://www.tokopedia.com/search?condition=2&navsource=&srp_component_id=04.06.00.00&srp_page_id=&srp_page_title=&st=&q=hp%20sony","https://www.tokopedia.com/sch-1623/sony-xperia-z3-compact-2-16-mulus-second?extParam=ivf%3Dfalse%26keyword%3Dhp+sony%26search_id%3D202604020340279DE6D14FFF980614FYLM%26src%3Dsearch","Sony Xperia Z3 Compact 2/16 Mulus Second","Rp550.000","5.0","1 rating • 0 ulasan","Terjual 1","SCH - 1623"
"1775101694-83","https://www.tokopedia.com/search?condition=2&navsource=&srp_component_id=04.06.00.00&srp_page_id=&srp_page_title=&st=&q=hp%20sony","https://www.tokopedia.com/arsyacel09/sony-experiaz3-plus-ram-3-32-1732862078207100905?extParam=ivf%3Dfalse%26keyword%3Dhp+sony%26search_id%3D202604020340279DE6D14FFF980614FYLM%26src%3Dsearch","sony experiaz3 plus ram 3/32","Rp500.000","","","","arsyacel09"
"1775101699-84","https://www.tokopedia.com/search?condition=2&navsource=&srp_component_id=04.06.00.00&srp_page_id=&srp_page_title=&st=&q=hp%20sony","https://www.tokopedia.com/phonengung/sony-xperia-t3-sony-indonesia-resmi?extParam=ivf%3Dfalse%26keyword%3Dhp+sony%26search_id%3D202604020340279DE6D14FFF980614FYLM%26src%3Dsearch","Sony Xperia T3 Sony Indonesia Resmi","Rp1.000.000","5.0","2 rating • 1 ulasan","Terjual 5","PhoneNgung"
"1775101704-85","https://www.tokopedia.com/search?condition=2&navsource=&srp_component_id=04.06.00.00&srp_page_id=&srp_page_title=&st=&q=hp%20sony","https://www.tokopedia.com/chem0127/sony-xperia-xz1-compact-mulus?extParam=ivf%3Dfalse%26keyword%3Dhp+sony%26search_id%3D202604020340279DE6D14FFF980614FYLM%26src%3Dsearch","SONY XPERIA XZ1 COMPACT - MULUS","Rp2.594.000","5.0","1 rating • 1 ulasan","Terjual 3","Chemcelll Online Store"
"1775101710-86","https://www.tokopedia.com/search?condition=2&navsource=&srp_component_id=04.06.00.00&srp_page_id=&srp_page_title=&st=&q=hp%20sony","https://www.tokopedia.com/indramjazz/sony-xperia-xz3-rom-au-original-japan-set?extParam=ivf%3Dfalse%26keyword%3Dhp+sony%26search_id%3D202604020340279DE6D14FFF980614FYLM%26src%3Dsearch","Sony xperia xz3 Rom au original Japan Set","Rp1.550.000","4.5","4 rating • 3 ulasan","Terjual 5","jazz gadget store"
"1775101715-87","https://www.tokopedia.com/search?condition=2&navsource=&srp_component_id=04.06.00.00&srp_page_id=&srp_page_title=&st=&q=hp%20sony","https://www.tokopedia.com/alexd/sony-xperia-5-mark-iii-5g-all-operator?extParam=ivf%3Dfalse%26keyword%3Dhp+sony%26search_id%3D202604020340279DE6D14FFF980614FYLM%26src%3Dsearch","Sony Xperia 5 Mark iii 5G All operator","Rp2.900.000","","","","v pro"
"1775101720-88","https://www.tokopedia.com/search?condition=2&navsource=&srp_component_id=04.06.00.00&srp_page_id=&srp_page_title=&st=&q=hp%20sony","https://www.tokopedia.com/ex-flaghsip-gadget/sony-xperia-xz3-4-64-docomo-1734416463777793788?extParam=ivf%3Dfalse%26keyword%3Dhp+sony%26search_id%3D202604020340279DE6D14FFF980614FYLM%26src%3Dsearch","Sony Xperia XZ3 4/64 Docomo","Rp900.000","","","","Ex flaghsip Gadget"
"1775101725-89","https://www.tokopedia.com/search?condition=2&navsource=&srp_component_id=04.06.00.00&srp_page_id=&srp_page_title=&st=&q=hp%20sony","https://www.tokopedia.com/goldencity368/sony-xperia-5-mark-ii-5g-8-128gb-second-original-1732406660317742311?extParam=ivf%3Dfalse%26keyword%3Dhp+sony%26search_id%3D202604020340279DE6D14FFF980614FYLM%26src%3Dsearch","SONY XPERIA 5 MARK II 5G 8-128GB SECOND ORIGINAL - 97% NO SHADOW","Rp2.300.000","5.0","4 rating • 2 ulasan","Terjual 8","goldencity368"
"1775101730-90","https://www.tokopedia.com/search?condition=2&navsource=&srp_component_id=04.06.00.00&srp_page_id=&srp_page_title=&st=&q=hp%20sony","https://www.tokopedia.com/mastri-offcll/sony-xperia-1-6-64-good-condition-1731274402259371166?extParam=ivf%3Dfalse%26keyword%3Dhp+sony%26search_id%3D202604020340279DE6D14FFF980614FYLM%26src%3Dsearch","Sony Xperia 1 6/64 Good Condition - Putih Allsim","Rp2.475.000","5.0","5 rating • 3 ulasan","Terjual 11","mastri offcll"
"1775101735-91","https://www.tokopedia.com/search?condition=2&navsource=&srp_component_id=04.06.00.00&srp_page_id=&srp_page_title=&st=&q=hp%20sony","https://www.tokopedia.com/garudal/sony-xperia-xz2-4-64-rosegold?extParam=ivf%3Dfalse%26keyword%3Dhp+sony%26search_id%3D202604020340279DE6D14FFF980614FYLM%26src%3Dsearch","sony xperia xz2 4/64 - rosegold","Rp1.425.000","5.0","1 rating • 0 ulasan","Terjual 1","MncSeller"
"1775101741-92","https://www.tokopedia.com/search?condition=2&navsource=&srp_component_id=04.06.00.00&srp_page_id=&srp_page_title=&st=&q=hp%20sony","https://www.tokopedia.com/damasakielektronik/sony-xperia-xp-xperformance-x-docomo-3-32-rose-gold-original-sekend?extParam=ivf%3Dfalse%26keyword%3Dhp+sony%26search_id%3D202604020340279DE6D14FFF980614FYLM%26src%3Dsearch","Sony Xperia Xp Xperformance x Docomo 3/32 Rose Gold original sekend","Rp599.000","3.5","2 rating • 1 ulasan","Terjual 2","Damasaki Elektronik"
"1775101746-93","https://www.tokopedia.com/search?condition=2&navsource=&srp_component_id=04.06.00.00&srp_page_id=&srp_page_title=&st=&q=hp%20sony","https://www.tokopedia.com/goldencity368/sony-xperia-pro-i-5g-12gb-256gb-512gb-second-orignal-1732406846090544359?extParam=ivf%3Dfalse%26keyword%3Dhp+sony%26search_id%3D202604020340279DE6D14FFF980614FYLM%26src%3Dsearch","SONY XPERIA PRO i 5G 12GB-256GB / 512GB SECOND ORIGNAL - PRO I - 512GB, PERMANEN BC","Rp10.800.000","","","","goldencity368"
"1775101751-94","https://www.tokopedia.com/search?condition=2&navsource=&srp_component_id=04.06.00.00&srp_page_id=&srp_page_title=&st=&q=hp%20sony","https://www.tokopedia.com/hapeku-semarang/sony-xperia-1-iii-mark-3-super-mulus-like-new-bergaransi-96-98-no-shado-all-operator-3009a?extParam=ivf%3Dfalse%26keyword%3Dhp+sony%26search_id%3D202604020340279DE6D14FFF980614FYLM%26src%3Dsearch","Sony Xperia 1 iii Mark 3 Super Mulus Like New Bergaransi - 96-98% NO SHADO, ALL OPERATOR","Rp5.250.000","5.0","4 rating • 0 ulasan","Terjual 4","HAPEKU SEMARANG"
"1775101756-95","https://www.tokopedia.com/search?condition=2&navsource=&srp_component_id=04.06.00.00&srp_page_id=&srp_page_title=&st=&q=hp%20sony","https://www.tokopedia.com/smartphone-2/sony-xperia-5-iii-beacukai-permanen-8-128-1732114938156844149?extParam=ivf%3Dfalse%26keyword%3Dhp+sony%26search_id%3D202604020340279DE6D14FFF980614FYLM%26src%3Dsearch","Sony Xperia 5 III BEACUKAI Permanen 8/128","Rp4.220.000","","","","J Smartphone"
"1775101761-96","https://www.tokopedia.com/search?condition=2&navsource=&srp_component_id=04.06.00.00&srp_page_id=&srp_page_title=&st=&q=hp%20sony","https://www.tokopedia.com/toko-koder/sony-xperia-go-7-pro-ram-12gb-mulus-like-new-bergaransi-seperti-baru-1731761494364226973?extParam=ivf%3Dfalse%26keyword%3Dhp+sony%26search_id%3D202604020340279DE6D14FFF980614FYLM%26src%3Dsearch","SONY XPERIA GO 7 PRO RAM 12GB MULUS LIKE NEW BERGARANSI SEPERTI BARU","Rp8.280.000","","","1 barang berhasil terjual","Toko Koder"
"1775101767-97","https://www.tokopedia.com/search?condition=2&navsource=&srp_component_id=04.06.00.00&srp_page_id=&srp_page_title=&st=&q=hp%20sony","https://www.tokopedia.com/sch-1623/sony-xperia-z3-mini-compact-docomo-2-16gb-batangan?extParam=ivf%3Dfalse%26keyword%3Dhp+sony%26search_id%3D202604020340279DE6D14FFF980614FYLM%26src%3Dsearch","Sony Xperia Z3 mini compact docomo 2/16GB batangan","Rp690.000","5.0","1 rating • 0 ulasan","Terjual 9","SCH - 1623"
"1775101772-98","https://www.tokopedia.com/search?condition=2&navsource=&srp_component_id=04.06.00.00&srp_page_id=&srp_page_title=&st=&q=hp%20sony","https://www.tokopedia.com/geexminis/open-box-sony-xperia-pro-i-5g-12-512gb-fullset-original-pajak-resmi-be?extParam=ivf%3Dfalse%26keyword%3Dhp+sony%26search_id%3D202604020340279DE6D14FFF980614FYLM%26src%3Dsearch","Open Box Sony Xperia Pro-i 5G 12/512GB Fullset Original Pajak resmi Be","Rp24.000.000","","","","Geex Minies"
"1775101777-99","https://www.tokopedia.com/search?condition=2&navsource=&srp_component_id=04.06.00.00&srp_page_id=&srp_page_title=&st=&q=hp%20sony","https://www.tokopedia.com/hapeku-semarang/sony-xperia-xz3-all-operator-indonesia-super-mulus-bergaransi-96-98-mulus-all-tdk-terdaf-b4d24?extParam=ivf%3Dfalse%26keyword%3Dhp+sony%26search_id%3D202604020340279DE6D14FFF980614FYLM%26src%3Dsearch","Sony Xperia XZ3 All Operator Indonesia Super Mulus Bergaransi - 96-98% MULUS, ALL (TDK TERDAF","Rp1.675.000","4.6","27 rating • 15 ulasan","Terjual 40+","HAPEKU SEMARANG"
"1775101782-100","https://www.tokopedia.com/search?condition=2&navsource=&srp_component_id=04.06.00.00&srp_page_id=&srp_page_title=&st=&q=hp%20sony","https://www.tokopedia.com/aqsastore27/sony-xperia-5-resmi-beacukai-1733386290387780756?extParam=ivf%3Dfalse%26keyword%3Dhp+sony%26search_id%3D202604020340279DE6D14FFF980614FYLM%26src%3Dsearch","Sony XPERIA 5 RESMI BEACUKAI","Rp1.150.000","","","1 barang berhasil terjual","AqsaStore27"
"1775101787-101","https://www.tokopedia.com/search?condition=2&navsource=&srp_component_id=04.06.00.00&srp_page_id=&srp_page_title=&st=&q=hp%20sony","https://www.tokopedia.com/omunyet/sony-xperia-5-iv-5g-8-128gb-original-ecru-white-mulus-c80ba?extParam=ivf%3Dfalse%26keyword%3Dhp+sony%26search_id%3D202604020340279DE6D14FFF980614FYLM%26src%3Dsearch","SONY XPERIA 5 IV 5G 8/128GB ORIGINAL - Ecru White, Mulus","Rp4.823.000","4.7","14 rating • 6 ulasan","Terjual 24","Om Unyet"
"1775101792-102","https://www.tokopedia.com/search?condition=2&navsource=&srp_component_id=04.06.00.00&srp_page_id=&srp_page_title=&st=&q=hp%20sony","https://www.tokopedia.com/hapeku-semarang/sony-xperia-xz3-super-mulus-istimewa-all-operator-indonesia-96-98-mulus-all-tdk-terdaft-54880?extParam=ivf%3Dfalse%26keyword%3Dhp+sony%26search_id%3D202604020340279DE6D14FFF980614FYLM%26src%3Dsearch","Sony Xperia XZ3 Super Mulus Istimewa ALL OPERATOR INDONESIA - 96-98% MULUS, ALL(TDK TERDAFT","Rp1.675.000","4.8","369 rating • 251 ulasan","Terjual 500+","HAPEKU SEMARANG"
"1775101797-103","https://www.tokopedia.com/search?condition=2&navsource=&srp_component_id=04.06.00.00&srp_page_id=&srp_page_title=&st=&q=hp%20sony","https://www.tokopedia.com/muthicell/hp-sony-xperia-xz2-big-ram-4-64-gb-second-ready-sony-xperia-xz2-big-ram-4-64-gb-second-original-jaringan-permanen-all-operator-1733548868774954526?extParam=ivf%3Dfalse%26keyword%3Dhp+sony%26search_id%3D202604020340279DE6D14FFF980614FYLM%26src%3Dsearch","Hp Sony Xperia xz2 big ram 4/64 gb second.          ready sony xperia xz2 big ram 4/64 gb second original,  jaringan permanen all operator.","Rp1.350.000","","","1 barang berhasil terjual","muthicell"
"1775101803-104","https://www.tokopedia.com/search?condition=2&navsource=&srp_component_id=04.06.00.00&srp_page_id=&srp_page_title=&st=&q=hp%20sony","https://www.tokopedia.com/indramjazz/sony-xperia-1-fullset-original-64gb-rom-6gb-ram-original-1731261022168319355?extParam=ivf%3Dfalse%26keyword%3Dhp+sony%26search_id%3D202604020340279DE6D14FFF980614FYLM%26src%3Dsearch","Sony xperia 1 fullset original 64gb Rom 6gb ram original - all operator","Rp1.900.000","4.6","14 rating • 9 ulasan","Terjual 23","jazz gadget store"
"1775101808-105","https://www.tokopedia.com/search?condition=2&navsource=&srp_component_id=04.06.00.00&srp_page_id=&srp_page_title=&st=&q=hp%20sony","https://www.tokopedia.com/hapeku-semarang/sony-xperia-5-6-64gb-super-like-new-mulus-istimewa-murah-bergaransi-96-98-no-shado-all-tdk-terdaf?extParam=ivf%3Dfalse%26keyword%3Dhp+sony%26search_id%3D202604020340279DE6D14FFF980614FYLM%26src%3Dsearch","Sony Xperia 5 6/64GB Super Like New Mulus Istimewa Murah Bergaransi - 96-98% NO SHADO, ALL (TDK TERDAF","Rp2.400.000","4.7","29 rating • 16 ulasan","Terjual 40+","HAPEKU SEMARANG"
"1775101813-106","https://www.tokopedia.com/search?condition=2&navsource=&srp_component_id=04.06.00.00&srp_page_id=&srp_page_title=&st=&q=hp%20sony","https://www.tokopedia.com/hapeku-semarang/sony-xperia-1-6-64gb-super-mulus-murah-original-bergaransi-mulus-96-98-all-tdk-terdaft?extParam=ivf%3Dfalse%26keyword%3Dhp+sony%26search_id%3D202604020340279DE6D14FFF980614FYLM%26src%3Dsearch","Sony Xperia 1 6/64GB Super Mulus Murah Original Bergaransi - MULUS 96-98%, ALL(TDK TERDAFT","Rp2.450.000","4.6","28 rating • 19 ulasan","Terjual 50+","HAPEKU SEMARANG"
"1775101818-107","https://www.tokopedia.com/search?condition=2&navsource=&srp_component_id=04.06.00.00&srp_page_id=&srp_page_title=&st=&q=hp%20sony","https://www.tokopedia.com/hapeku-semarang/sony-xperia-8-64gb-super-mulus-like-new-murah-garansi-imei-selamanya-mulus-92-95?extParam=ivf%3Dfalse%26keyword%3Dhp+sony%26search_id%3D202604020340279DE6D14FFF980614FYLM%26src%3Dsearch","Sony Xperia 8 64GB Super Mulus Like New Murah Garansi Imei Selamanya - MULUS 92-95%","Rp1.450.000","4.8","6 rating • 3 ulasan","Terjual 9","HAPEKU SEMARANG"
"1775101823-108","https://www.tokopedia.com/search?condition=2&navsource=&srp_component_id=04.06.00.00&srp_page_id=&srp_page_title=&st=&q=hp%20sony","https://www.tokopedia.com/hpmurahjakarta/sony-xperia-e4-dual-garansi-resmi?extParam=ivf%3Dfalse%26keyword%3Dhp+sony%26search_id%3D202604020340279DE6D14FFF980614FYLM%26src%3Dsearch","SONY XPERIA E4 DUAL - GARANSI RESMI","Rp450.000","5.0","2 rating • 0 ulasan","Terjual 2","HP MURAH JAKARTA"
"1775101828-109","https://www.tokopedia.com/search?condition=2&navsource=&srp_component_id=04.06.00.00&srp_page_id=&srp_page_title=&st=&q=hp%20sony","https://www.tokopedia.com/pdlgadgetpro/sony-xperia-10-mark-iv-5g-all-operator-permanen-1732411747393373765?extParam=ivf%3Dfalse%26keyword%3Dhp+sony%26search_id%3D202604020340279DE6D14FFF980614FYLM%26src%3Dsearch","SONY Xperia 10 mark IV 5G all operator PERMANEN","Rp1.750.000","5.0","1 rating • 1 ulasan","Terjual 2","pdl gadget pro"
"1775101833-110","https://www.tokopedia.com/search?condition=2&navsource=&srp_component_id=04.06.00.00&srp_page_id=&srp_page_title=&st=&q=hp%20sony","https://www.tokopedia.com/zr-gadget/sony-xperia-1-ram-6gb-snapdragon-855-layar-4k-hdr-ex-review?extParam=ivf%3Dfalse%26keyword%3Dhp+sony%26search_id%3D202604020340279DE6D14FFF980614FYLM%26src%3Dsearch","Sony Xperia 1 Ram 6GB Snapdragon 855 Layar 4K HDR ex Review","Rp3.450.000","5.0","1 rating • 1 ulasan","Terjual 1","Zain Rendi Shop"
"1775101839-111","https://www.tokopedia.com/search?condition=2&navsource=&srp_component_id=04.06.00.00&srp_page_id=&srp_page_title=&st=&q=hp%20sony","https://www.tokopedia.com/sch-1623/sony-xperia-z4-compact-4g-lte-nfc-on?extParam=ivf%3Dfalse%26keyword%3Dhp+sony%26search_id%3D202604020340279DE6D14FFF980614FYLM%26src%3Dsearch","Sony Xperia Z4 Compact 4G LTE NFC On","Rp559.000","1.0","1 rating • 1 ulasan","Terjual 2","SCH - 1623"
"1775101844-112","https://www.tokopedia.com/search?condition=2&navsource=&srp_component_id=04.06.00.00&srp_page_id=&srp_page_title=&st=&q=hp%20sony","https://www.tokopedia.com/wt-mobile/hp-sony-xperia-10-mark-unit-second-like-new-rom-6-128-iv-1732998350290715725?extParam=ivf%3Dfalse%26keyword%3Dhp+sony%26search_id%3D202604020340279DE6D14FFF980614FYLM%26src%3Dsearch","HP SONY XPERIA 10 MARK UNIT SECOND LIKE NEW ROM 6/128 IV - Hitam, 6/128 MARK IV","Rp1.550.000","5.0","1 rating • 0 ulasan","Terjual 4","WT MOBILE"
"1775101849-113","https://www.tokopedia.com/search?condition=2&navsource=&srp_component_id=04.06.00.00&srp_page_id=&srp_page_title=&st=&q=hp%20sony","https://www.tokopedia.com/jokam354jkt/sony-xperia-1-smartphone-dengan-kamera-profesional-dan-layar-super-amoled-untuk-performa-optimal-1734902198991685451?extParam=ivf%3Dfalse%26keyword%3Dhp+sony%26search_id%3D202604020340279DE6D14FFF980614FYLM%26src%3Dsearch","Sony Xperia 1 Smartphone dengan Kamera Profesional dan Layar Super AMOLED untuk Performa Optimal","Rp830.000","","","","Jokamjkt"
"1775101854-114","https://www.tokopedia.com/search?condition=2&navsource=&srp_component_id=04.06.00.00&srp_page_id=&srp_page_title=&st=&q=hp%20sony","https://www.tokopedia.com/chem0127/sony-xperia-5-iv-128gb-snapdragon-888-gen-1-beacukai-mulus-like-new?extParam=ivf%3Dfalse%26keyword%3Dhp+sony%26search_id%3D202604020340279DE6D14FFF980614FYLM%26src%3Dsearch","SONY XPERIA 5 IV 128GB SNAPDRAGON 888 GEN 1 - BEACUKAI MULUS LIKE NEW","Rp12.894.000","5.0","1 rating • 1 ulasan","Terjual 1","Chemcelll Online Store"
"1775101859-115","https://www.tokopedia.com/search?condition=2&navsource=&srp_component_id=04.06.00.00&srp_page_id=&srp_page_title=&st=&q=hp%20sony","https://www.tokopedia.com/chem0127/sony-xperia-1-iii-mark-3-ram-12gb-256gb-mulus-beacukai-permanen-dual-sim-8fc34?extParam=ivf%3Dfalse%26keyword%3Dhp+sony%26search_id%3D202604020340279DE6D14FFF980614FYLM%26src%3Dsearch","Sony Xperia 1 iii Mark 3 RAM 12GB - 256GB - Mulus Beacukai - Permanen - Dual Sim","Rp9.894.000","5.0","2 rating • 2 ulasan","Terjual 2","Chemcelll Online Store"
"1775101864-116","https://www.tokopedia.com/search?condition=2&navsource=&srp_component_id=04.06.00.00&srp_page_id=&srp_page_title=&st=&q=hp%20sony","https://www.tokopedia.com/chem0127/sony-xperia-1-iii-12-256gb-original-mulus-like-new-ready-grabgojek?extParam=ivf%3Dfalse%26keyword%3Dhp+sony%26search_id%3D202604020340279DE6D14FFF980614FYLM%26src%3Dsearch","SONY XPERIA 1 III - 12/256GB ORIGINAL MULUS LIKE NEW - READY GRABGOJEK","Rp9.254.900","5.0","2 rating • 1 ulasan","Terjual 2","Chemcelll Online Store"
"1775101869-117","https://www.tokopedia.com/search?condition=2&navsource=&srp_component_id=04.06.00.00&srp_page_id=&srp_page_title=&st=&q=hp%20sony","https://www.tokopedia.com/a4phone/sony-xperia-5-iii-snapdragon-888-dslr-camera-phone-imei-beacukai?extParam=ivf%3Dfalse%26keyword%3Dhp+sony%26search_id%3D202604020340279DE6D14FFF980614FYLM%26src%3Dsearch","Sony Xperia 5 III (Snapdragon 888, DSLR Camera Phone) IMEI Beacukai","Rp4.250.000","","","1 barang berhasil terjual","A4 phone Bekasi"
"1775101874-118","https://www.tokopedia.com/search?condition=2&navsource=&srp_component_id=04.06.00.00&srp_page_id=&srp_page_title=&st=&q=hp%20sony","https://www.tokopedia.com/spearparthp/sony-xperia-xz-3-32-lcd-bercak-hitam-baterai?extParam=ivf%3Dfalse%26keyword%3Dhp+sony%26search_id%3D202604020340279DE6D14FFF980614FYLM%26src%3Dsearch","Sony Xperia xz 3/32 (lcd bercak hitam , baterai)","Rp599.000","","","","VC PHONE SHOP PONOROGO"
"1775101879-119","https://www.tokopedia.com/search?condition=2&navsource=&srp_component_id=04.06.00.00&srp_page_id=&srp_page_title=&st=&q=hp%20sony","https://www.tokopedia.com/morgen-bite/sony-xperia-1-mark-v-hitam-so-03l-m222-android-phone-1732373133936657923?extParam=ivf%3Dfalse%26keyword%3Dhp+sony%26search_id%3D202604020340279DE6D14FFF980614FYLM%26src%3Dsearch","Sony Xperia 1 Mark V Hitam SO-03L M222 Android Phone","Rp15.999.000","5.0","23 rating • 0 ulasan","Terjual 60+","morgen bite"
"1775101884-120","https://www.tokopedia.com/search?condition=2&navsource=&srp_component_id=04.06.00.00&srp_page_id=&srp_page_title=&st=&q=hp%20sony","https://www.tokopedia.com/chem0127/sony-xperia-1-iii-ram-12-256gb-original-mulus-like-new-beacukai-0b733?extParam=ivf%3Dfalse%26keyword%3Dhp+sony%26search_id%3D202604020340279DE6D14FFF980614FYLM%26src%3Dsearch","SONY XPERIA 1 III RAM 12/256GB ORIGINAL MULUS LIKE NEW - BEACUKAI","Rp8.894.000","5.0","2 rating • 1 ulasan","Terjual 3","Chemcelll Online Store"
"1775101890-121","https://www.tokopedia.com/search?condition=2&navsource=&srp_component_id=04.06.00.00&srp_page_id=&srp_page_title=&st=&q=hp%20sony","https://www.tokopedia.com/babayis/sony-xperia-xz3-au-sov39-ram-4gb-internal-64-gb-1734496304257861569?extParam=ivf%3Dfalse%26keyword%3Dhp+sony%26search_id%3D202604020340279DE6D14FFF980614FYLM%26src%3Dsearch","Sony Xperia XZ3 AU SOV39 RAM 4GB INTERNAL 64 GB","Rp1.200.000","","","","Baybay15shop"
"1775101895-122","https://www.tokopedia.com/search?condition=2&navsource=&srp_component_id=04.06.00.00&srp_page_id=&srp_page_title=&st=&q=hp%20sony","https://www.tokopedia.com/piratessonyxperia/sony-xperia-1-6-128-global-dual-sim-ubl-yes-imei-bea-cukai-baca-deskripsi-biar-paham-dan-gak-minus-mata-1730970529151616519?extParam=ivf%3Dfalse%26keyword%3Dhp+sony%26search_id%3D202604020340279DE6D14FFF980614FYLM%26src%3Dsearch","Sony Xperia 1 6/128 Global Dual Sim, UBL Yes, IMEI BEA CUKAI (BACA DESKRIPSI BIAR PAHAM DAN GAK MINUS MATA)","Rp1.500.000","","","","Pirates - Sony Xperia"
"1775101900-123","https://www.tokopedia.com/search?condition=2&navsource=&srp_component_id=04.06.00.00&srp_page_id=&srp_page_title=&st=&q=hp%20sony","https://www.tokopedia.com/truevinestore/sony-xperia-pro-i-5g-12-512-dual-global-imei-resmi-beacukai-pro-1-12gb-512gb-pro-i-1731069309150136259?extParam=ivf%3Dfalse%26keyword%3Dhp+sony%26search_id%3D202604020340279DE6D14FFF980614FYLM%26src%3Dsearch","Sony Xperia Pro-I 5G 12/512 Dual Global IMEI Resmi Beacukai Pro 1 12GB 512GB Pro I","Rp9.380.000","5.0","1 rating • 1 ulasan","Terjual 1","True Vine Store"
"1775101905-124","https://www.tokopedia.com/search?condition=2&navsource=&srp_component_id=04.06.00.00&srp_page_id=&srp_page_title=&st=&q=hp%20sony","https://www.tokopedia.com/hpmurahjakarta/sony-xperia-z5-dual-e6683-ram-3gb-internal-32gb-resmi-tam?extParam=ivf%3Dfalse%26keyword%3Dhp+sony%26search_id%3D202604020340279DE6D14FFF980614FYLM%26src%3Dsearch","SONY XPERIA Z5 DUAL E6683 RAM 3GB INTERNAL 32GB - RESMI TAM","Rp1.500.000","5.0","1 rating • 1 ulasan","Terjual 2","HP MURAH JAKARTA"
"1775101910-125","https://www.tokopedia.com/search?condition=2&navsource=&srp_component_id=04.06.00.00&srp_page_id=&srp_page_title=&st=&q=hp%20sony","https://www.tokopedia.com/hamzah-hafshoh-2026/sony-xperia-xz-1-compact-4-32-docomo-1734425092177429909?extParam=ivf%3Dfalse%26keyword%3Dhp+sony%26search_id%3D202604020340279DE6D14FFF980614FYLM%26src%3Dsearch","Sony Xperia XZ 1 COMPACT 4/32 Docomo","Rp580.000","","","","Hamzah Hafshoh 2026"
"1775101915-126","https://www.tokopedia.com/search?condition=2&navsource=&srp_component_id=04.06.00.00&srp_page_id=&srp_page_title=&st=&q=hp%20sony","https://www.tokopedia.com/siraajul-muniir-store/second-sony-xperia-xz2-4-64gb-softbank-snapdragon-845-1734310981273552066?extParam=ivf%3Dfalse%26keyword%3Dhp+sony%26search_id%3D202604020340279DE6D14FFF980614FYLM%26src%3Dsearch","[SECOND] Sony Xperia XZ2 4/64GB SoftBank - Snapdragon 845","Rp456.000","","","","Siraajul Muniir Store"
"1775101920-127","https://www.tokopedia.com/search?condition=2&navsource=&srp_component_id=04.06.00.00&srp_page_id=&srp_page_title=&st=&q=hp%20sony","https://www.tokopedia.com/chem0127/sony-xperia-1iii-5g-ram-12gb-256gb-fullset-mulus-beacukai-7c7bf?extParam=ivf%3Dfalse%26keyword%3Dhp+sony%26search_id%3D202604020340279DE6D14FFF980614FYLM%26src%3Dsearch","Sony Xperia 1iii 5G RAM 12GB 256GB - Fullset Mulus - Beacukai","Rp8.794.000","5.0","3 rating • 1 ulasan","Terjual 3","Chemcelll Online Store"
"1775101925-128","https://www.tokopedia.com/search?condition=2&navsource=&srp_component_id=04.06.00.00&srp_page_id=&srp_page_title=&st=&q=hp%20sony","https://www.tokopedia.com/indramjazz/sony-xperia-xzs-au-room-global-32gb-rom-4gb-ram-original-single-sim?extParam=ivf%3Dfalse%26keyword%3Dhp+sony%26search_id%3D202604020340279DE6D14FFF980614FYLM%26src%3Dsearch","Sony xperia xzs au room global 32gb Rom 4gb ram original single sim","Rp999.000","3.8","4 rating • 2 ulasan","Terjual 6","jazz gadget store"
"1775101930-129","https://www.tokopedia.com/search?condition=2&navsource=&srp_component_id=04.06.00.00&srp_page_id=&srp_page_title=&st=&q=hp%20sony","https://www.tokopedia.com/bluship-osean/sony-xperia-1-mark-iii-versi-global-jepang-dual-sim-dengan-kualitas-terbaik-dan-fitur-lengkap-1734673894232458555?extParam=ivf%3Dfalse%26keyword%3Dhp+sony%26search_id%3D202604020340279DE6D14FFF980614FYLM%26src%3Dsearch","Sony Xperia 1 Mark III Versi Global Jepang Dual SIM dengan Kualitas Terbaik dan Fitur Lengkap","Rp5.900.000","","","","Bluship Osean"
"1775101936-130","https://www.tokopedia.com/search?condition=2&navsource=&srp_component_id=04.06.00.00&srp_page_id=&srp_page_title=&st=&q=hp%20sony","https://www.tokopedia.com/skygadgett/sony-xperia-1-6-64gb-bagus-1730936505524062165?extParam=ivf%3Dfalse%26keyword%3Dhp+sony%26search_id%3D202604020340279DE6D14FFF980614FYLM%26src%3Dsearch","SONY XPERIA 1 6/64GB bagus","Rp1.395.000","5.0","1 rating • 1 ulasan","Terjual 1","TAHUTECHH"
"1775101941-131","https://www.tokopedia.com/search?condition=2&navsource=&srp_component_id=04.06.00.00&srp_page_id=&srp_page_title=&st=&q=hp%20sony","https://www.tokopedia.com/astro-m/sony-xperia-1-mark-v-12-512gb-beacukai-1734642099384124487?extParam=ivf%3Dfalse%26keyword%3Dhp+sony%26search_id%3D202604020340279DE6D14FFF980614FYLM%26src%3Dsearch","Sony Xperia 1 Mark V 12/512GB Beacukai","Rp13.830.000","","","","Astro-Mobile"
"1775101946-132","https://www.tokopedia.com/search?condition=2&navsource=&srp_component_id=04.06.00.00&srp_page_id=&srp_page_title=&st=&q=hp%20sony","https://www.tokopedia.com/kang-tanzil/sony-xperia-10-mark-ii-smartphone-android-dengan-desain-tipis-dan-kamera-berkualitas-tinggi-wifi-only-1733100740756146158?extParam=ivf%3Dfalse%26keyword%3Dhp+sony%26search_id%3D202604020340279DE6D14FFF980614FYLM%26src%3Dsearch","Sony Xperia 10 Mark II Smartphone Android dengan Desain Tipis dan Kamera Berkualitas Tinggi wifi only","Rp1.200.000","","","1 barang berhasil terjual","kang Tanzil"
"1775101951-133","https://www.tokopedia.com/search?condition=2&navsource=&srp_component_id=04.06.00.00&srp_page_id=&srp_page_title=&st=&q=hp%20sony","https://www.tokopedia.com/fr-store-surakarta/sony-xperia-5-mark-iii-8-128-1730828962217101050?extParam=ivf%3Dfalse%26keyword%3Dhp+sony%26search_id%3D202604020340279DE6D14FFF980614FYLM%26src%3Dsearch","Sony Xperia 5 mark iii 8/128 - all operator, Unit Only","Rp3.085.000","5.0","1 rating • 0 ulasan","Terjual 1","FR Store Surakarta"
"1775101956-134","https://www.tokopedia.com/search?condition=2&navsource=&srp_component_id=04.06.00.00&srp_page_id=&srp_page_title=&st=&q=hp%20sony","https://www.tokopedia.com/windows-android-ios/sony-xperia-1-mark-iv-5g-12gb-256gb-mulus-orignal?extParam=ivf%3Dfalse%26keyword%3Dhp+sony%26search_id%3D202604020340279DE6D14FFF980614FYLM%26src%3Dsearch","SONY XPERIA 1 Mark iV 5G 12GB 256GB MULUS ORIGNAL","Rp7.800.000","5.0","2 rating • 2 ulasan","Terjual 2","android ios windows harmony"
"1775101962-135","https://www.tokopedia.com/search?condition=2&navsource=&srp_component_id=04.06.00.00&srp_page_id=&srp_page_title=&st=&q=hp%20sony","https://www.tokopedia.com/hapeku-semarang/sony-xperia-5-ii-mark-2-8-128gb-super-mulus-like-new-murah-bergaransi?extParam=ivf%3Dfalse%26keyword%3Dhp+sony%26search_id%3D202604020340279DE6D14FFF980614FYLM%26src%3Dsearch","Sony Xperia 5 ii Mark 2 8/128GB Super Mulus Like New Murah Bergaransi","Rp3.150.000","5.0","1 rating • 0 ulasan","Terjual 2","HAPEKU SEMARANG"
"1775101967-136","https://www.tokopedia.com/search?condition=2&navsource=&srp_component_id=04.06.00.00&srp_page_id=&srp_page_title=&st=&q=hp%20sony","https://www.tokopedia.com/exmahand/sony-xperia-1-mark-iii-12-256gb-docomo-1734555016919352751?extParam=ivf%3Dfalse%26keyword%3Dhp+sony%26search_id%3D202604020340279DE6D14FFF980614FYLM%26src%3Dsearch","Sony xperia 1 mark iii 12/256Gb docomo","Rp4.200.000","","","","Exmahand"
"1775101972-137","https://www.tokopedia.com/search?condition=2&navsource=&srp_component_id=04.06.00.00&srp_page_id=&srp_page_title=&st=&q=hp%20sony","https://www.tokopedia.com/chem0127/sony-xperia-1-iv-ram-12gb-256gb-sinyal-aman-beacukai-original-mulus-global-7aa1f?extParam=ivf%3Dfalse%26keyword%3Dhp+sony%26search_id%3D202604020340279DE6D14FFF980614FYLM%26src%3Dsearch","SONY XPERIA 1 IV RAM 12GB - 256GB - SINYAL AMAN BEACUKAI - ORIGINAL MULUS - Global","Rp13.894.000","5.0","1 rating • 0 ulasan","Terjual 1","Chemcelll Online Store"
"1775101977-138","https://www.tokopedia.com/search?condition=2&navsource=&srp_component_id=04.06.00.00&srp_page_id=&srp_page_title=&st=&q=hp%20sony","https://www.tokopedia.com/mangasmoking/sony-xperia-xz3-4-64-silver-1734331328171444032?extParam=ivf%3Dfalse%26keyword%3Dhp+sony%26search_id%3D202604020340279DE6D14FFF980614FYLM%26src%3Dsearch","Sony Xperia XZ3 4/64 Silver","Rp400.000","","","","MangAsmoking"
"1775101982-139","https://www.tokopedia.com/search?condition=2&navsource=&srp_component_id=04.06.00.00&srp_page_id=&srp_page_title=&st=&q=hp%20sony","https://www.tokopedia.com/surya-jaya-cellular-jakarta/sony-xperia-c4-white-dual-simmulus-garansi-resmi-okt-2016?extParam=ivf%3Dfalse%26keyword%3Dhp+sony%26search_id%3D202604020340279DE6D14FFF980614FYLM%26src%3Dsearch","SONY XPERIA C4 WHITE DUAL SIM.MULUS GARANSI RESMI OKT 2016","Rp2.750.000","","","1 barang berhasil terjual","surya jaya cellular jakarta"
"1775101987-140","https://www.tokopedia.com/search?condition=2&navsource=&srp_component_id=04.06.00.00&srp_page_id=&srp_page_title=&st=&q=hp%20sony","https://www.tokopedia.com/g-storeindependent/sony-xperia-10-mark-v-8-128-dual-sim-beacukai-1731399495565608554?extParam=ivf%3Dfalse%26keyword%3Dhp+sony%26search_id%3D202604020340279DE6D14FFF980614FYLM%26src%3Dsearch","Sony Xperia 10 Mark V 8/128 Dual SIM Beacukai","Rp6.550.000","","","1 barang berhasil terjual","G-Storeindependent"
"1775101992-141","https://www.tokopedia.com/search?condition=2&navsource=&srp_component_id=04.06.00.00&srp_page_id=&srp_page_title=&st=&q=hp%20sony","https://www.tokopedia.com/sch-1623/sony-xperia-z3-compact-docomo-2-16gb-mulus?extParam=ivf%3Dfalse%26keyword%3Dhp+sony%26search_id%3D202604020340279DE6D14FFF980614FYLM%26src%3Dsearch","Sony Xperia Z3 Compact Docomo 2/16gb mulus","Rp699.000","4.0","1 rating • 1 ulasan","Terjual 2","SCH - 1623"
"1775101997-142","https://www.tokopedia.com/search?condition=2&navsource=&srp_component_id=04.06.00.00&srp_page_id=&srp_page_title=&st=&q=hp%20sony","https://www.tokopedia.com/indramjazz/sony-xperia-5-original-64gb-rom-6gb-ram-mulus-1731920997278975355?extParam=ivf%3Dfalse%26keyword%3Dhp+sony%26search_id%3D202604020340279DE6D14FFF980614FYLM%26src%3Dsearch","Sony Xperia 5 original 64gb Rom 6gb ram mulus - all normal","Rp1.900.000","5.0","8 rating • 5 ulasan","Terjual 18","jazz gadget store"
"1775102002-143","https://www.tokopedia.com/search?condition=2&navsource=&srp_component_id=04.06.00.00&srp_page_id=&srp_page_title=&st=&q=hp%20sony","https://www.tokopedia.com/empatkawan/sony-xperia-1-iii-internal-256gb-ram-12gb-original-hitam-mulus-0d14a?extParam=ivf%3Dfalse%26keyword%3Dhp+sony%26search_id%3D202604020340279DE6D14FFF980614FYLM%26src%3Dsearch","SONY XPERIA 1 III INTERNAL 256GB RAM 12GB ORIGINAL - Hitam, Mulus","Rp5.089.000","5.0","6 rating • 5 ulasan","Terjual 7","EmpatKawan"
"1775102007-144","https://www.tokopedia.com/search?condition=2&navsource=&srp_component_id=04.06.00.00&srp_page_id=&srp_page_title=&st=&q=hp%20sony","https://www.tokopedia.com/mastri-offcll/sony-xperia-1-mark-ii-1ii-8-128-good-condition-1733698764748326467?extParam=ivf%3Dfalse%26keyword%3Dhp+sony%26search_id%3D202604020340279DE6D14FFF980614FYLM%26src%3Dsearch","Sony Xperia 1 Mark II / 1ii 8/128 GOOD CONDITION - Hitam BEACUKAI","Rp4.300.000","5.0","5 rating • 3 ulasan","Terjual 6","mastri offcll"
"1775102013-145","https://www.tokopedia.com/search?condition=2&navsource=&srp_component_id=04.06.00.00&srp_page_id=&srp_page_title=&st=&q=hp%20sony","https://www.tokopedia.com/hapeku-semarang/sony-xperia-1-ii-mark-2-8-128gb-kondisi-mulus-like-new-bergaransi-96-98-no-shado-all-operator-0227f?extParam=ivf%3Dfalse%26keyword%3Dhp+sony%26search_id%3D202604020340279DE6D14FFF980614FYLM%26src%3Dsearch","Sony Xperia 1 ii Mark 2 8/128GB Kondisi Mulus Like New Bergaransi - 96-98% NO SHADO, ALL OPERATOR","Rp3.750.000","4.0","2 rating • 1 ulasan","Terjual 3","HAPEKU SEMARANG"
"1775102018-146","https://www.tokopedia.com/search?condition=2&navsource=&srp_component_id=04.06.00.00&srp_page_id=&srp_page_title=&st=&q=hp%20sony","https://www.tokopedia.com/chem0127/sony-xperia-1iii-mark-3-ram-12gb-256gb-sinyal-permanen-beacukai-mulus?extParam=ivf%3Dfalse%26keyword%3Dhp+sony%26search_id%3D202604020340279DE6D14FFF980614FYLM%26src%3Dsearch","SONY XPERIA 1iii Mark 3 - RAM 12GB - 256GB  - SINYAL PERMANEN BEACUKAI MULUS","Rp9.794.000","5.0","1 rating • 1 ulasan","Terjual 1","Chemcelll Online Store"
"1775102023-147","https://www.tokopedia.com/search?condition=2&navsource=&srp_component_id=04.06.00.00&srp_page_id=&srp_page_title=&st=&q=hp%20sony","https://www.tokopedia.com/sch-1623/sony-xperia-z4-3-32gb-4g-mulus-batangan?extParam=ivf%3Dfalse%26keyword%3Dhp+sony%26search_id%3D202604020340279DE6D14FFF980614FYLM%26src%3Dsearch","Sony Xperia Z4 3/32GB 4G Mulus Batangan","Rp800.000","","","1 barang berhasil terjual","SCH - 1623"
"1775102028-148","https://www.tokopedia.com/search?condition=2&navsource=&srp_component_id=04.06.00.00&srp_page_id=&srp_page_title=&st=&q=hp%20sony","https://www.tokopedia.com/hpmurahjakarta/sony-xperia-c-c2305-ram-1gb-internal-4gb-smartphone-android-os-quad-core-1-2-ghz-kamera-8-mp-layar-5-0-inch-tft-garansi-resmi-1-tahun-1729822360822253430?extParam=ivf%3Dfalse%26keyword%3Dhp+sony%26search_id%3D202604020340279DE6D14FFF980614FYLM%26src%3Dsearch","Sony Xperia C C2305 RAM 1GB Internal 4GB Smartphone Android OS Quad-core 1.2 GHz Kamera 8 MP Layar 5.0 inch TFT Garansi Resmi 1 Tahun","Rp450.000","4.9","10 rating • 8 ulasan","Terjual 15","HP MURAH JAKARTA"
"1775102033-149","https://www.tokopedia.com/search?condition=2&navsource=&srp_component_id=04.06.00.00&srp_page_id=&srp_page_title=&st=&q=hp%20sony","https://www.tokopedia.com/indramjazz/sony-xperia-x-compact-docomo-32gb-rom-3gb-ram-original-single-sim?extParam=ivf%3Dfalse%26keyword%3Dhp+sony%26search_id%3D202604020340279DE6D14FFF980614FYLM%26src%3Dsearch","Sony xperia x compact docomo 32gb Rom 3gb ram original single sim","Rp800.000","4.1","19 rating • 14 ulasan","Terjual 26","jazz gadget store"
"1775102038-150","https://www.tokopedia.com/search?condition=2&navsource=&srp_component_id=04.06.00.00&srp_page_id=&srp_page_title=&st=&q=hp%20sony","https://www.tokopedia.com/chem0127/sony-xperia-5-iii-128gb-ram-8gb-original-mulus-like-new-beacukai-dualsim256gb-f73b1?extParam=ivf%3Dfalse%26keyword%3Dhp+sony%26search_id%3D202604020340279DE6D14FFF980614FYLM%26src%3Dsearch","SONY XPERIA 5 III 128GB RAM 8GB - ORIGINAL - MULUS LIKE NEW - BEACUKAI - DualSim256GB","Rp8.894.000","5.0","1 rating • 1 ulasan","Terjual 2","Chemcelll Online Store"
"1775102043-151","https://www.tokopedia.com/search?condition=2&navsource=&srp_component_id=04.06.00.00&srp_page_id=&srp_page_title=&st=&q=hp%20sony","https://www.tokopedia.com/sch-1623/sony-xperia-z4-compact-2-16gb-nfc-on-wifi-only-hitam?extParam=ivf%3Dfalse%26keyword%3Dhp+sony%26search_id%3D202604020340279DE6D14FFF980614FYLM%26src%3Dsearch","Sony Xperia Z4 Compact 2/16GB NFC ON WIFI ONLY - Hitam","Rp550.000","","","3 barang berhasil terjual","SCH - 1623"
"1775102048-152","https://www.tokopedia.com/search?condition=2&navsource=&srp_component_id=04.06.00.00&srp_page_id=&srp_page_title=&st=&q=hp%20sony","https://www.tokopedia.com/tokominikei/smart-phone-sony-xperia-m5-aqua-1730894210113636323?extParam=ivf%3Dfalse%26keyword%3Dhp+sony%26search_id%3D202604020340279DE6D14FFF980614FYLM%26src%3Dsearch","smart phone Sony Xperia m5 aqua","Rp90.000","","","","sixone store01"
"1775102053-153","https://www.tokopedia.com/search?condition=2&navsource=&srp_component_id=04.06.00.00&srp_page_id=&srp_page_title=&st=&q=hp%20sony","https://www.tokopedia.com/sch-1623/sony-xperia-z3-compact-2-16?extParam=ivf%3Dfalse%26keyword%3Dhp+sony%26search_id%3D202604020340279DE6D14FFF980614FYLM%26src%3Dsearch","Sony Xperia Z3 Compact 2/16","Rp499.000","4.0","1 rating • 0 ulasan","Terjual 3","SCH - 1623"
"1775102059-154","https://www.tokopedia.com/search?condition=2&navsource=&srp_component_id=04.06.00.00&srp_page_id=&srp_page_title=&st=&q=hp%20sony","https://www.tokopedia.com/windows-android-ios/sony-xperia-1-mark-iii-5g-12gb-256gb-mulus-original?extParam=ivf%3Dfalse%26keyword%3Dhp+sony%26search_id%3D202604020340279DE6D14FFF980614FYLM%26src%3Dsearch","SONY XPERIA 1 Mark iii 5G 12GB 256GB MULUS ORIGINAL","Rp5.500.000","5.0","1 rating • 1 ulasan","Terjual 2","android ios windows harmony"
"1775102064-155","https://www.tokopedia.com/search?condition=2&navsource=&srp_component_id=04.06.00.00&srp_page_id=&srp_page_title=&st=&q=hp%20sony","https://www.tokopedia.com/chem0127/sony-xperia-1-iii-mark-3-ram-12-256gb-global-dual-sim-original-mulus-seken-mulus-185ec?extParam=ivf%3Dfalse%26keyword%3Dhp+sony%26search_id%3D202604020340279DE6D14FFF980614FYLM%26src%3Dsearch","SONY XPERIA 1 III MARK 3 RAM 12/256GB GLOBAL DUAL SIM - ORIGINAL MULUS - Seken MULUS","Rp10.490.000","5.0","1 rating • 0 ulasan","Terjual 1","Chemcelll Online Store"
"1775102069-156","https://www.tokopedia.com/search?condition=2&navsource=&srp_component_id=04.06.00.00&srp_page_id=&srp_page_title=&st=&q=hp%20sony","https://www.tokopedia.com/truevinestore/sony-xperia-1-vi-5g-mark-6-dual-global-imei-resmi-beacukai-12gb-256gb-silver-perfect-1731450568835893187?extParam=ivf%3Dfalse%26keyword%3Dhp+sony%26search_id%3D202604020340279DE6D14FFF980614FYLM%26src%3Dsearch","Sony Xperia 1 VI 5G Mark 6 Dual Global IMEI Resmi Beacukai 12GB 256GB Silver Perfect","Rp15.299.000","","","1 barang berhasil terjual","True Vine Store"
"1775102074-157","https://www.tokopedia.com/search?condition=2&navsource=&srp_component_id=04.06.00.00&srp_page_id=&srp_page_title=&st=&q=hp%20sony","https://www.tokopedia.com/indramjazz/sony-xperia-xz-premium-rom-docomo-64gb-internal-4gb-rom-single-sim?extParam=ivf%3Dfalse%26keyword%3Dhp+sony%26search_id%3D202604020340279DE6D14FFF980614FYLM%26src%3Dsearch","Sony xperia xz premium rom docomo 64gb internal 4gb Rom single sim","Rp1.400.000","","","3 barang berhasil terjual","jazz gadget store"
"1775102079-158","https://www.tokopedia.com/search?condition=2&navsource=&srp_component_id=04.06.00.00&srp_page_id=&srp_page_title=&st=&q=hp%20sony","https://www.tokopedia.com/truevinestore/sony-xperia-1-v-mark-5-5g-dual-global-imei-resmi-beacukai-12gb-256gb-black-1731483718849103811?extParam=ivf%3Dfalse%26keyword%3Dhp+sony%26search_id%3D202604020340279DE6D14FFF980614FYLM%26src%3Dsearch","Sony Xperia 1 V Mark 5 5G Dual Global IMEI Resmi Beacukai 12GB / 256GB Black","Rp12.599.000","5.0","2 rating • 1 ulasan","Terjual 3","True Vine Store"
"1775102084-159","https://www.tokopedia.com/search?condition=2&navsource=&srp_component_id=04.06.00.00&srp_page_id=&srp_page_title=&st=&q=hp%20sony","https://www.tokopedia.com/chem0127/sony-xperia-1-iii-mark-3-ram-12gb-256gb-global-dual-sim-resmi-beacukai-256gb-57aa0?extParam=ivf%3Dfalse%26keyword%3Dhp+sony%26search_id%3D202604020340279DE6D14FFF980614FYLM%26src%3Dsearch","SONY XPERIA 1 III MARK 3 - RAM 12GB - 256GB - GLOBAL DUAL SIM - RESMI BEACUKAI - 256GB","Rp10.194.000","5.0","1 rating • 1 ulasan","Terjual 1","Chemcelll Online Store"
"1775102089-160","https://www.tokopedia.com/search?condition=2&navsource=&srp_component_id=04.06.00.00&srp_page_id=&srp_page_title=&st=&q=hp%20sony","https://www.tokopedia.com/clothg/sony-xperia-1-mark-ii-wifi-only-mulus-dengan-lecet-kecil-lihat-foto-aja-smartphone-android-terbaru-1734561930254451903?extParam=ivf%3Dfalse%26keyword%3Dhp+sony%26search_id%3D202604020340279DE6D14FFF980614FYLM%26src%3Dsearch","Sony Xperia 1 Mark II Wifi Only Mulus dengan Lecet Kecil Lihat Foto Aja Smartphone Android Terbaru","Rp2.350.000","","","","CLOTH GLITCH"
"1775102095-161","https://www.tokopedia.com/search?condition=2&navsource=&srp_component_id=04.06.00.00&srp_page_id=&srp_page_title=&st=&q=hp%20sony","https://www.tokopedia.com/wahidstore16/sony-xperia-xz3-4-64gb-wifi-only-cek-deskripsi-1734416214978561390?extParam=ivf%3Dfalse%26keyword%3Dhp+sony%26search_id%3D202604020340279DE6D14FFF980614FYLM%26src%3Dsearch","Sony Xperia xz3 4/64GB Wifi Only Cek Deskripsi","Rp750.000","","","","WahidStore16"
"1775102100-162","https://www.tokopedia.com/search?condition=2&navsource=&srp_component_id=04.06.00.00&srp_page_id=&srp_page_title=&st=&q=hp%20sony","https://www.tokopedia.com/elkanart/sony-xperia-xz2-premium-silver-6-gb-ram-64-gb-storage-snapdragon-845-sov38-au-batangan-jepang-1734321384889222417?extParam=ivf%3Dfalse%26keyword%3Dhp+sony%26search_id%3D202604020340279DE6D14FFF980614FYLM%26src%3Dsearch","Sony Xperia XZ2 Premium Silver 6 GB RAM 64 GB Storage Snapdragon 845 SOV38 AU Batangan Jepang","Rp1.200.000","","","","Elkanart"
"1775102105-163","https://www.tokopedia.com/search?condition=2&navsource=&srp_component_id=04.06.00.00&srp_page_id=&srp_page_title=&st=&q=hp%20sony","https://www.tokopedia.com/rstatta/sony-xperia-5-6-128-global-version-imen-aman-kemenperin-1730874265882166318?extParam=ivf%3Dfalse%26keyword%3Dhp+sony%26search_id%3D202604020340279DE6D14FFF980614FYLM%26src%3Dsearch","Sony Xperia 5 6/128 global version imen aman Kemenperin","Rp1.800.000","","","","rstatta"
"1775102110-164","https://www.tokopedia.com/search?condition=2&navsource=&srp_component_id=04.06.00.00&srp_page_id=&srp_page_title=&st=&q=hp%20sony","https://www.tokopedia.com/sandra-kwan/sony-xperia-1-mark-ii-hitam-8gb-256gb-dual-sim-on-beacukai-hk-dengan-kualitas-tinggi-dan-desain-elegan-1734269961685862229?extParam=ivf%3Dfalse%26keyword%3Dhp+sony%26search_id%3D202604020340279DE6D14FFF980614FYLM%26src%3Dsearch","Sony Xperia 1 Mark II Hitam 8GB 256GB Dual SIM On Beacukai HK dengan Kualitas Tinggi dan Desain Elegan","Rp6.550.000","","","","sandra kwan"
"1775102115-165","https://www.tokopedia.com/search?condition=2&navsource=&srp_component_id=04.06.00.00&srp_page_id=&srp_page_title=&st=&q=hp%20sony","https://www.tokopedia.com/berkahmuj/sony-xperia-z3-docomo-hitam-ram-4-64-gb-wifi-only-1733459655418742218?extParam=ivf%3Dfalse%26keyword%3Dhp+sony%26search_id%3D202604020340279DE6D14FFF980614FYLM%26src%3Dsearch","Sony Xperia Z3 Docomo Hitam Ram 4/64 Gb Wifi Only","Rp1.000.000","","","1 barang berhasil terjual","Berkahmuj"
"1775102120-166","https://www.tokopedia.com/search?condition=2&navsource=&srp_component_id=04.06.00.00&srp_page_id=&srp_page_title=&st=&q=hp%20sony","https://www.tokopedia.com/indramjazz/sony-xperia-xz1-rom-au-64gb-rom-4gb-ram-original-single-sim?extParam=ivf%3Dfalse%26keyword%3Dhp+sony%26search_id%3D202604020340279DE6D14FFF980614FYLM%26src%3Dsearch","Sony xperia xz1 Rom au 64gb Rom 4gb ram original single sim","Rp1.200.000","4.6","22 rating • 16 ulasan","Terjual 30+","jazz gadget store"
"1775102125-167","https://www.tokopedia.com/search?condition=2&navsource=&srp_component_id=04.06.00.00&srp_page_id=&srp_page_title=&st=&q=hp%20sony","https://www.tokopedia.com/omunyet/sony-xperia-5-ii-5g-xperia-5-mark-ii-ram-8gb-internal-128gb-original-hitam-mulus-all-sim-8d7ac?extParam=ivf%3Dfalse%26keyword%3Dhp+sony%26search_id%3D202604020340279DE6D14FFF980614FYLM%26src%3Dsearch","SONY XPERIA 5 II 5G | XPERIA 5 MARK II RAM 8GB INTERNAL 128GB ORIGINAL - Hitam, Mulus All SIM","Rp2.843.000","4.4","19 rating • 11 ulasan","Terjual 28","Om Unyet"
"1775102130-168","https://www.tokopedia.com/search?condition=2&navsource=&srp_component_id=04.06.00.00&srp_page_id=&srp_page_title=&st=&q=hp%20sony","https://www.tokopedia.com/jokam354jkt/sony-xperia-1-dengan-64-gb-penyimpanan-dan-16-74-gb-yang-terpakai-untuk-foto-video-musik-game-dan-aplikasi-film-tv-1734888811149690699?extParam=ivf%3Dfalse%26keyword%3Dhp+sony%26search_id%3D202604020340279DE6D14FFF980614FYLM%26src%3Dsearch","Sony Xperia 1 dengan 64 GB Penyimpanan dan 16,74 GB yang Terpakai untuk Foto Video Musik Game dan Aplikasi Film TV","Rp830.000","","","","Jokamjkt"
"1775102136-169","https://www.tokopedia.com/search?condition=2&navsource=&srp_component_id=04.06.00.00&srp_page_id=&srp_page_title=&st=&q=hp%20sony","https://www.tokopedia.com/andirashop/sony-xperia-xz3-sinyal-aktif-4-64-gb-1734841478011258398?extParam=ivf%3Dfalse%26keyword%3Dhp+sony%26search_id%3D202604020340279DE6D14FFF980614FYLM%26src%3Dsearch","Sony Xperia XZ3 Sinyal Aktif 4/64 GB","Rp1.150.000","","","","ANDIRA shop."
"1775102141-170","https://www.tokopedia.com/search?condition=2&navsource=&srp_component_id=04.06.00.00&srp_page_id=&srp_page_title=&st=&q=hp%20sony","https://www.tokopedia.com/astoregadget/sony-xperia-5-mark-ii-5g-8gb-128gb-mulus-orignal-fullset-sony-hitam-d60fe?extParam=ivf%3Dfalse%26keyword%3Dhp+sony%26search_id%3D202604020340279DE6D14FFF980614FYLM%26src%3Dsearch","SONY XPERIA 5 Mark ii 5G 8GB 128GB MULUS ORIGNAL - FULLSET - SONY - Hitam","Rp2.490.000","5.0","1 rating • 0 ulasan","Terjual 4","Astore Gadget_NEW"
"1775102146-171","https://www.tokopedia.com/search?condition=2&navsource=&srp_component_id=04.06.00.00&srp_page_id=&srp_page_title=&st=&q=hp%20sony","https://www.tokopedia.com/astoregadget/sony-xperia-5-mark-iii-5g-8gb-128gb-mulus-original-fullset-1730909412697278092?extParam=ivf%3Dfalse%26keyword%3Dhp+sony%26search_id%3D202604020340279DE6D14FFF980614FYLM%26src%3Dsearch","SONY XPERIA 5 Mark iii 5G 8GB 128GB MULUS ORIGINAL FULLSET - Hitam","Rp2.890.000","5.0","6 rating • 1 ulasan","Terjual 12","Astore Gadget_NEW"
"1775102151-172","https://www.tokopedia.com/search?condition=2&navsource=&srp_component_id=04.06.00.00&srp_page_id=&srp_page_title=&st=&q=hp%20sony","https://www.tokopedia.com/archostore/sony-xperia-5-mark-iii-wifi-only-green-ram-8gb-rom-128gb-bonus-micro-sd-a2-256gb-1734625795010298931?extParam=ivf%3Dfalse%26keyword%3Dhp+sony%26search_id%3D202604020340279DE6D14FFF980614FYLM%26src%3Dsearch","SONY Xperia 5 mark III - WiFi Only - Green - RAM 8GB ROM 128GB - Bonus Micro SD A2 256GB","Rp1.700.000","","","","archosstore"
"1775102156-173","https://www.tokopedia.com/search?condition=2&navsource=&srp_component_id=04.06.00.00&srp_page_id=&srp_page_title=&st=&q=hp%20sony","https://www.tokopedia.com/astoregadget/sony-xperia-5-mark-iv-5g-8gb-128gb-mulus-orignal-fullset-sony-1730909491762923148?extParam=ivf%3Dfalse%26keyword%3Dhp+sony%26search_id%3D202604020340279DE6D14FFF980614FYLM%26src%3Dsearch","SONY XPERIA 5 Mark iV 5G 8GB 128GB MULUS ORIGNAL - FULLSET - SONY - Hitam","Rp3.490.000","5.0","12 rating • 5 ulasan","Terjual 21","Astore Gadget_NEW"
"1775102161-174","https://www.tokopedia.com/search?condition=2&navsource=&srp_component_id=04.06.00.00&srp_page_id=&srp_page_title=&st=&q=hp%20sony","https://www.tokopedia.com/hapeku-semarang/sony-xperia-z5-premium-3-32gb-super-mulus-like-new-bergaransi?extParam=ivf%3Dfalse%26keyword%3Dhp+sony%26search_id%3D202604020340279DE6D14FFF980614FYLM%26src%3Dsearch","Sony Xperia Z5 Premium 3/32GB Super Mulus Like New Bergaransi","Rp790.000","","","5 barang berhasil terjual","HAPEKU SEMARANG"
"1775102166-175","https://www.tokopedia.com/search?condition=2&navsource=&srp_component_id=04.06.00.00&srp_page_id=&srp_page_title=&st=&q=hp%20sony","https://www.tokopedia.com/omunyet/sony-xperia-5-iii-5g-xperia-5-mark-iii-ram-8gb-internal-128gb-green-minus-lecet-16c5d?extParam=ivf%3Dfalse%26keyword%3Dhp+sony%26search_id%3D202604020340279DE6D14FFF980614FYLM%26src%3Dsearch","SONY XPERIA 5 III 5G | XPERIA 5 MARK III RAM 8GB INTERNAL 128GB - Green, Minus Lecet","Rp3.273.000","4.8","73 rating • 44 ulasan","Terjual 100+","Om Unyet"
"1775102171-176","https://www.tokopedia.com/search?condition=2&navsource=&srp_component_id=04.06.00.00&srp_page_id=&srp_page_title=&st=&q=hp%20sony","https://www.tokopedia.com/hpmurahjakarta/sony-xperia-m4-aqua-e2353-ram-2gb-internal-8gb-resmi-tam?extParam=ivf%3Dfalse%26keyword%3Dhp+sony%26search_id%3D202604020340279DE6D14FFF980614FYLM%26src%3Dsearch","SONY XPERIA M4 AQUA E2353 RAM 2GB INTERNAL 8GB - RESMI TAM","Rp500.000","4.0","8 rating • 8 ulasan","Terjual 14","HP MURAH JAKARTA"
"1775102176-177","https://www.tokopedia.com/search?condition=2&navsource=&srp_component_id=04.06.00.00&srp_page_id=&srp_page_title=&st=&q=hp%20sony","https://www.tokopedia.com/googlepixelstore/sony-xperia-10-mark-4-rpm-6-128-unit-second-original-like-new-1731685509336106550?extParam=ivf%3Dfalse%26keyword%3Dhp+sony%26search_id%3D202604020340279DE6D14FFF980614FYLM%26src%3Dsearch","SONY XPERIA 10 MARK 4 RPM 6/128 UNIT SECOND ORIGINAL LIKE NEW - HITAM","Rp1.540.000","5.0","37 rating • 22 ulasan","Terjual 70+","storegooglepixel"
"1775102182-178","https://www.tokopedia.com/search?condition=2&navsource=&srp_component_id=04.06.00.00&srp_page_id=&srp_page_title=&st=&q=hp%20sony","https://www.tokopedia.com/lana-cellindo/sony-xperia-5-mark-iii-3-ram-8-128gb-8-128-gb-second-original?extParam=ivf%3Dfalse%26keyword%3Dhp+sony%26search_id%3D202604020340279DE6D14FFF980614FYLM%26src%3Dsearch","sony Xperia 5 mark iii 3 ram 8/128gb 8 / 128 gb second original","Rp2.900.000","4.9","28 rating • 19 ulasan","Terjual 40+","lana cellindo"
"1775102187-179","https://www.tokopedia.com/search?condition=2&navsource=&srp_component_id=04.06.00.00&srp_page_id=&srp_page_title=&st=&q=hp%20sony","https://www.tokopedia.com/goldencity368/sony-xperia-5-mark-iv-5g-8-128gb-second-original-1733222994568119527?extParam=ivf%3Dfalse%26keyword%3Dhp+sony%26search_id%3D202604020340279DE6D14FFF980614FYLM%26src%3Dsearch","SONY XPERIA 5 MARK IV 5G 8-128GB SECOND ORIGINAL - 90% LCD GARIS","Rp2.350.000","4.8","28 rating • 19 ulasan","Terjual 60+","goldencity368"
"1775102192-180","https://www.tokopedia.com/search?condition=2&navsource=&srp_component_id=04.06.00.00&srp_page_id=&srp_page_title=&st=&q=hp%20sony","https://www.tokopedia.com/wtteknologi/sony-xperia-10-mark-rom-6-128-iv-unit-second-like-new-1732090349029590467?extParam=ivf%3Dfalse%26keyword%3Dhp+sony%26search_id%3D202604020340279DE6D14FFF980614FYLM%26src%3Dsearch","Sony Xperia 10 MARK ROM 6/128 IV UNIT SECOND LIKE NEW - Hitam, 6/128 mark IV","Rp1.500.000","5.0","44 rating • 27 ulasan","Terjual 90+","WT TEKNOLOGI"
