web_scraper_order;web_scraper_start_url;link-product;product_name;price;rating;review_count;sold;seller
1774671391-1;https://www.tokopedia.com/search?condition=1&navsource=home&source=universe&srp_component_id=04.06.00.00&st=product&q=laptop%20microsoft%20surface;https://www.tokopedia.com/tokohpmurahcom/resmi-microsoft-surface-pro-9-core-i7-i5-1tb-512gb-256gb-128gb-i5-8-256gb-shapire-4f7d5?extParam=ivf%3Dfalse%26keyword%3Dlaptop+microsoft+surface%26search_id%3D20260328041558EFE937780E9557123C8B%26src%3Dsearch;(Resmi) Microsoft Surface Pro 9 Core i7 / i5 1TB 512GB 256GB 128GB - i5 8/256GB, SHAPIRE;14749000;;;;tokohpmurahcom
1774671397-2;https://www.tokopedia.com/search?condition=1&navsource=home&source=universe&srp_component_id=04.06.00.00&st=product&q=laptop%20microsoft%20surface;https://www.tokopedia.com/mycomshop/microsoft-surface-laptop-studio-i7-11370h-16gb-ram-512gb-ssd-rtx3050ti?extParam=ivf%3Dfalse%26keyword%3Dlaptop+microsoft+surface%26search_id%3D20260328041558EFE937780E9557123C8B%26src%3Dsearch;Microsoft Surface Laptop Studio i7-11370H 16GB RAM 512GB SSD RTX3050Ti;46600000;50;1 rating • 1 ulasan;Terjual 5;MYCOMSHOP
1774671403-3;https://www.tokopedia.com/search?condition=1&navsource=home&source=universe&srp_component_id=04.06.00.00&st=product&q=laptop%20microsoft%20surface;https://www.tokopedia.com/depasar-indonesia/microsoft-surface-pro-12-ram-16gb-256gb-512gb-snapdragon-x-plus-tablet-windows-ringan-tips-kecil-1732027257505613570?extParam=ivf%3Dfalse%26keyword%3Dlaptop+microsoft+surface%26search_id%3D20260328041558EFE937780E9557123C8B%26src%3Dsearch;Microsoft Surface Pro 12 Ram 16GB 256GB 512GB Snapdragon X Plus Tablet Windows Ringan Tips Kecil - 256GB;13990000;;;;dePASAR Indonesia
1774671409-4;https://www.tokopedia.com/search?condition=1&navsource=home&source=universe&srp_component_id=04.06.00.00&st=product&q=laptop%20microsoft%20surface;https://www.tokopedia.com/vj-official/microsoft-surface-pro-12-x-plus-memori-16-gb-ssd-256-gb-win-11-pro-1732181513186805744?extParam=ivf%3Dfalse%26keyword%3Dlaptop+microsoft+surface%26search_id%3D20260328041558EFE937780E9557123C8B%26src%3Dsearch;Microsoft Surface Pro 12 X Plus Memori 16 GB SSD 256 GB Win 11 Pro;14899000;;;;VJ OFFICIAL
1774671414-5;https://www.tokopedia.com/search?condition=1&navsource=home&source=universe&srp_component_id=04.06.00.00&st=product&q=laptop%20microsoft%20surface;https://www.tokopedia.com/reloadcoms/microsoft-surface-10-pro-business-ultra-7-165u-16gb-256gb-2-8k-with-signature-keyboard-n-pen-istimewa-1731961089719109562?extParam=ivf%3Dfalse%26keyword%3Dlaptop+microsoft+surface%26search_id%3D20260328041558EFE937780E9557123C8B%26src%3Dsearch;MICROSOFT SURFACE 10 PRO BUSINESS ULTRA 7 165U 16GB 256GB 2.8K WITH SIGNATURE KEYBOARD N PEN ISTIMEWA;28500000;;;;Reload COMS
1774671420-6;https://www.tokopedia.com/search?condition=1&navsource=home&source=universe&srp_component_id=04.06.00.00&st=product&q=laptop%20microsoft%20surface;https://www.tokopedia.com/otomasistore/microsoft-surface-laptop-se-11-6-intel-n4120-4gb-64gb-6c5d6?extParam=ivf%3Dfalse%26keyword%3Dlaptop+microsoft+surface%26search_id%3D20260328041558EFE937780E9557123C8B%26src%3Dsearch;"Microsoft Surface Laptop SE 11.6"" Intel N4120 - 4GB 64GB";6593000;;;;Otomasi_NEW
1774671426-7;https://www.tokopedia.com/search?condition=1&navsource=home&source=universe&srp_component_id=04.06.00.00&st=product&q=laptop%20microsoft%20surface;https://www.tokopedia.com/smartcompstoreoffic/microsoft-surface-go-2-gold-8gb-ram-128gb-ssd-win-11-office-tablet-dengan-prosesor-intel-pentium-gold-4425y2m-layar-10-5-pixelsense-display-1731712659679643200?extParam=ivf%3Dfalse%26keyword%3Dlaptop+microsoft+surface%26search_id%3D20260328041558EFE937780E9557123C8B%26src%3Dsearch;"Microsoft Surface Go 2 Gold 8GB RAM 128GB SSD Win 11 + Office Tablet dengan Prosesor Intel Pentium Gold 4425Y2M & Layar 10.5"" PixelSense Display";3720000;;;;SMARTCOMP STORE
1774671432-8;https://www.tokopedia.com/search?condition=1&navsource=home&source=universe&srp_component_id=04.06.00.00&st=product&q=laptop%20microsoft%20surface;https://www.tokopedia.com/mgnotebook/microsoft-surface-pro-3-intel-core-i5-gen-4-ram-8gb-ssd-256gb-touchscreen-1732926593381795489?extParam=ivf%3Dfalse%26keyword%3Dlaptop+microsoft+surface%26search_id%3D20260328041558EFE937780E9557123C8B%26src%3Dsearch;Microsoft Surface Pro 3 Intel Core i5 Gen 4 RAM 8GB SSD 256GB Touchscreen;2700000;;;;MGnotebook
1774671438-9;https://www.tokopedia.com/search?condition=1&navsource=home&source=universe&srp_component_id=04.06.00.00&st=product&q=laptop%20microsoft%20surface;https://www.tokopedia.com/bigberry-store/microsoft-surface-pro-8-intel-i5-gen-11-8gb-128gb-1731216379300185574?extParam=ivf%3Dfalse%26keyword%3Dlaptop+microsoft+surface%26search_id%3D20260328041558EFE937780E9557123C8B%26src%3Dsearch;Microsoft Surface Pro 8 Intel i5 Gen 11 8GB 128GB - i5 8GB 128GB, PLATINUM;12375000;50;50 rating • 24 ulasan;Terjual 60+;Bigberry Store
1774671444-10;https://www.tokopedia.com/search?condition=1&navsource=home&source=universe&srp_component_id=04.06.00.00&st=product&q=laptop%20microsoft%20surface;https://www.tokopedia.com/pusatko/microsoft-surface-pro-7-ci5-1035g4-1-1ghz-8gb-128gb-black-free-keyboard-1731231073413662102?extParam=ivf%3Dfalse%26keyword%3Dlaptop+microsoft+surface%26search_id%3D20260328041558EFE937780E9557123C8B%26src%3Dsearch;"MICROSOFT SURFACE PRO 7/CI5,1035G4 1.1GHZ/8GB/128GB BLACK "" Free Keyboard "" - 8/128 GB";4800000;;;1 barang berhasil terjual;Pusat Komputer
1774671451-11;https://www.tokopedia.com/search?condition=1&navsource=home&source=universe&srp_component_id=04.06.00.00&st=product&q=laptop%20microsoft%20surface;https://www.tokopedia.com/istuff/laptop-tablet-pc-microsoft-surface-pro-1-i5-ram-4gb-128gb-ssd-10-inch?extParam=ivf%3Dfalse%26keyword%3Dlaptop+microsoft+surface%26search_id%3D20260328041558EFE937780E9557123C8B%26src%3Dsearch;Laptop Tablet Pc Microsoft Surface Pro 1 i5 ram 4gb 128gb ssd 10 inch;5000000;;;;Istuff
1774671458-12;https://www.tokopedia.com/search?condition=1&navsource=home&source=universe&srp_component_id=04.06.00.00&st=product&q=laptop%20microsoft%20surface;https://www.tokopedia.com/everbestgadget/microsoft-surface-pro-11-plus-elite-garansi-resmi-pro-11-plus-16-512gb-51d97?extParam=ivf%3Dfalse%26keyword%3Dlaptop+microsoft+surface%26search_id%3D20260328041558EFE937780E9557123C8B%26src%3Dsearch;Microsoft Surface Pro 11 (Plus & Elite) Garansi Resmi - PRO 11 PLUS, 16/512GB;19144000;50;1 rating • 0 ulasan;Terjual 1;EVERBEST GADGET
1774671464-13;https://www.tokopedia.com/search?condition=1&navsource=home&source=universe&srp_component_id=04.06.00.00&st=product&q=laptop%20microsoft%20surface;https://www.tokopedia.com/jam-spinner/microsoft-surface-pro-12-16gb-256gb-512gb-laptop-tablet-windows-layar-sentuh-ter-ringan-ter-kecil-ter-tipis-1732008837965907917?extParam=ivf%3Dfalse%26keyword%3Dlaptop+microsoft+surface%26search_id%3D20260328041558EFE937780E9557123C8B%26src%3Dsearch;Microsoft Surface Pro 12 16GB 256GB 512GB Laptop Tablet Windows Layar Sentuh ter-ringan ter-kecil ter-tipis - 256GB, Unit Saja;14399000;;;1 barang berhasil terjual;jam spinner
1774671470-14;https://www.tokopedia.com/search?condition=1&navsource=home&source=universe&srp_component_id=04.06.00.00&st=product&q=laptop%20microsoft%20surface;https://www.tokopedia.com/mr-onecom/microsoft-surface-pro-8-13-core-i5-1135g7-ram-8gb-ssd-128gb-wind-11-normal?extParam=ivf%3Dfalse%26keyword%3Dlaptop+microsoft+surface%26search_id%3D20260328041558EFE937780E9557123C8B%26src%3Dsearch;"Microsoft Surface Pro 8 13"" Core i5-1135G7 Ram 8GB SSD 128GB Wind 11 - NORMAL";12700000;;;;MR Onecom
1774671475-15;https://www.tokopedia.com/search?condition=1&navsource=home&source=universe&srp_component_id=04.06.00.00&st=product&q=laptop%20microsoft%20surface;https://www.tokopedia.com/depasar-com-jakarta/microsoft-surface-laptop-go-2-i5-i7-4gb-8gb-16gb-128gb-256gb-512gb-1tb-baru-i5-8gb-128gb-59376?extParam=ivf%3Dfalse%26keyword%3Dlaptop+microsoft+surface%26search_id%3D20260328041558EFE937780E9557123C8B%26src%3Dsearch;MICROSOFT SURFACE LAPTOP GO 2 I5 i7 4GB 8GB 16GB 128GB 256GB 512GB 1TB - BARU, i5 8GB 128GB;9999000;50;3 rating • 2 ulasan;Terjual 3;depasar.c0m jakarta
1774671481-16;https://www.tokopedia.com/search?condition=1&navsource=home&source=universe&srp_component_id=04.06.00.00&st=product&q=laptop%20microsoft%20surface;https://www.tokopedia.com/otomasistore/microsoft-surface-pro-7-i5-8gb-128gb-win-10-pro-bnib?extParam=ivf%3Dfalse%26keyword%3Dlaptop+microsoft+surface%26search_id%3D20260328041558EFE937780E9557123C8B%26src%3Dsearch;Microsoft Surface Pro 7 i5 8GB/128GB Win 10 Pro BNIB;14039000;50;1 rating • 1 ulasan;Terjual 1;Otomasi_NEW
1774671487-17;https://www.tokopedia.com/search?condition=1&navsource=home&source=universe&srp_component_id=04.06.00.00&st=product&q=laptop%20microsoft%20surface;https://www.tokopedia.com/vegas-autolamp/microsoft-surface-pro-9-core-i7-16gb-512gb-13inch-win11-keyboard-pen?extParam=ivf%3Dfalse%26keyword%3Dlaptop+microsoft+surface%26search_id%3D20260328041558EFE937780E9557123C8B%26src%3Dsearch;MICROSOFT SURFACE PRO 9 CORE i7 16GB 512GB 13INCH WIN11+KEYBOARD+PEN;32098000;;;7 barang berhasil terjual;Vegas-Auto
1774671493-18;https://www.tokopedia.com/search?condition=1&navsource=home&source=universe&srp_component_id=04.06.00.00&st=product&q=laptop%20microsoft%20surface;https://www.tokopedia.com/studioponsel/microsot-surface-pro-11-16-512gb-32-1tb-snapdragon-x-elite-12-core-copilot-1731955439810086706?extParam=ivf%3Dfalse%26keyword%3Dlaptop+microsoft+surface%26search_id%3D20260328041558EFE937780E9557123C8B%26src%3Dsearch;Microsot Surface Pro 11 16/512GB | 32/1TB Snapdragon X Elite 12 Core Copilot+ - 16/512GB, Platinum;21711000;50;3 rating • 0 ulasan;Terjual 5;Studio Ponsel Store
1774671499-19;https://www.tokopedia.com/search?condition=1&navsource=home&source=universe&srp_component_id=04.06.00.00&st=product&q=laptop%20microsoft%20surface;https://www.tokopedia.com/laptopbandu/surface-pro-5-core-i5-7300u-ram-8gb-ssd-256gb-4-128gb-ram-4-ssd-128-20236?extParam=ivf%3Dfalse%26keyword%3Dlaptop+microsoft+surface%26search_id%3D20260328041558EFE937780E9557123C8B%26src%3Dsearch;SURFACE PRO 5 Core i5 7300u RAM 8GB SSD 256GB 4/128GB - RAM 4 SSD 128;3700000;;;4 barang berhasil terjual;LAPTOPJKID
1774671505-20;https://www.tokopedia.com/search?condition=1&navsource=home&source=universe&srp_component_id=04.06.00.00&st=product&q=laptop%20microsoft%20surface;https://www.tokopedia.com/yen-mckinney/microsoft-surface-laptop-6-for-business-13-5-15-windows-11-pro-intel-ultra-5-7-16gb-64gb-ram-256gb-512gb-1tb-ssd-1731713023407392393?extParam=ivf%3Dfalse%26keyword%3Dlaptop+microsoft+surface%26search_id%3D20260328041558EFE937780E9557123C8B%26src%3Dsearch;"Microsoft Surface Laptop 6 For Business 13.5"" & 15"" Windows 11 Pro Intel Ultra 5 & 7 16GB 64GB RAM 256GB 512GB 1TB SSD - U5 16 256 - Black";24299000;;;1 barang berhasil terjual;Yen McKinney
1774671510-21;https://www.tokopedia.com/search?condition=1&navsource=home&source=universe&srp_component_id=04.06.00.00&st=product&q=laptop%20microsoft%20surface;https://www.tokopedia.com/rimaslaptopof/laptop-microsoft-surfacebook-touch-i5-ram-8-256gb-ssd-bekas-second?extParam=ivf%3Dfalse%26keyword%3Dlaptop+microsoft+surface%26search_id%3D20260328041558EFE937780E9557123C8B%26src%3Dsearch;LAPTOP MICROSOFT SURFACEBOOK TOUCH i5 RAM 8/256GB SSD| BEKAS/SECOND;6552000;;;;Rimas Laptop
1774671516-22;https://www.tokopedia.com/search?condition=1&navsource=home&source=universe&srp_component_id=04.06.00.00&st=product&q=laptop%20microsoft%20surface;https://www.tokopedia.com/fhfhfh/laptop-m-surface-pro-2in1-touch-i5-gen4-128gb-1734489555970525098?extParam=ivf%3Dfalse%26keyword%3Dlaptop+microsoft+surface%26search_id%3D20260328041558EFE937780E9557123C8B%26src%3Dsearch;Laptop M surface pro 2in1 Touch i5 GEN4 128GB - Key no tab;1280000;50;1 rating • 1 ulasan;Terjual 2;fhfh store
1774671522-23;https://www.tokopedia.com/search?condition=1&navsource=home&source=universe&srp_component_id=04.06.00.00&st=product&q=laptop%20microsoft%20surface;https://www.tokopedia.com/jam-spinner/microsoft-surface-pro-8-i5-i7-ram-8gb-16gb-32gb-256gb-512gb-1tb-2tb-windows-tablet-laptop-layar-sentuh-touch-screen-i5-8gb-128gb-46293?extParam=ivf%3Dfalse%26keyword%3Dlaptop+microsoft+surface%26search_id%3D20260328041558EFE937780E9557123C8B%26src%3Dsearch;Microsoft Surface Pro 8 i5 i7 RAM 8GB 16GB 32GB 256GB 512GB 1TB 2TB Windows Tablet Laptop Layar Sentuh Touch Screen - i5 8GB, 128GB;10999000;;;;jam spinner
1774671528-24;https://www.tokopedia.com/search?condition=1&navsource=home&source=universe&srp_component_id=04.06.00.00&st=product&q=laptop%20microsoft%20surface;https://www.tokopedia.com/pancanadacomputer/microsoft-surface-pro-11-x-elite-13-inch-copilot-core-12-16gb-512gb-w11h-platinum-1yr-garansi-internasional-1730812368441935151?extParam=ivf%3Dfalse%26keyword%3Dlaptop+microsoft+surface%26search_id%3D20260328041558EFE937780E9557123C8B%26src%3Dsearch;"Microsoft Surface Pro 11 X Elite 13"" Inch Copilot + Core 12 16GB 512GB W11H Platinum 1YR Garansi Internasional";25724000;;;;Panca Nada Computer
1774671534-25;https://www.tokopedia.com/search?condition=1&navsource=home&source=universe&srp_component_id=04.06.00.00&st=product&q=laptop%20microsoft%20surface;https://www.tokopedia.com/cahayapamong/notebook-microsoft-surface-pro-7-intel-core-i5-1035g4-ram-8-128-ssd-1731347580033533378?extParam=ivf%3Dfalse%26keyword%3Dlaptop+microsoft+surface%26search_id%3D20260328041558EFE937780E9557123C8B%26src%3Dsearch;Notebook Microsoft surface pro 7 Intel core i5-1035G4 Ram 8/128 SSD - Ex.display;5000000;50;3 rating • 2 ulasan;Terjual 3;Cahaya Pamong
1774671541-26;https://www.tokopedia.com/search?condition=1&navsource=home&source=universe&srp_component_id=04.06.00.00&st=product&q=laptop%20microsoft%20surface;https://www.tokopedia.com/adiwoso/microsoft-surface-laptop-7-copilot-pc-dune-elite-13-32-1tb-a05e6?extParam=ivf%3Dfalse%26keyword%3Dlaptop+microsoft+surface%26search_id%3D20260328041558EFE937780E9557123C8B%26src%3Dsearch;Microsoft Surface Laptop 7 Copilot PC - Dune, Elite/13/32/1TB;33000000;;;;Adiwoso.id
1774671547-27;https://www.tokopedia.com/search?condition=1&navsource=home&source=universe&srp_component_id=04.06.00.00&st=product&q=laptop%20microsoft%20surface;https://www.tokopedia.com/mycomshop/microsoft-surface-laptop-7th-copilot-pc-snapdragon-x-elite-16gb-ram-512gb-ssd-qualcomm-adreno-13-8-hdr-touch-screen-sapphire-47f8c?extParam=ivf%3Dfalse%26keyword%3Dlaptop+microsoft+surface%26search_id%3D20260328041558EFE937780E9557123C8B%26src%3Dsearch;"MICROSOFT SURFACE LAPTOP 7TH COPILOT+ PC SNAPDRAGON X ELITE 16GB RAM 512GB SSD QUALCOMM ADRENO 13.8"" HDR TOUCH SCREEN - Sapphire";34800000;;;;MYCOMSHOP
1774671552-28;https://www.tokopedia.com/search?condition=1&navsource=home&source=universe&srp_component_id=04.06.00.00&st=product&q=laptop%20microsoft%20surface;https://www.tokopedia.com/everbestgadget/microsoft-surface-laptop-5-intel-gen-12-touch-screen-1734672564611023927?extParam=ivf%3Dfalse%26keyword%3Dlaptop+microsoft+surface%26search_id%3D20260328041558EFE937780E9557123C8B%26src%3Dsearch;"MICROSOFT SURFACE LAPTOP 5 INTEL GEN 12 TOUCH SCREEN - 13.5"" I7 32/512GB, Platinum";29724000;;;;EVERBEST GADGET
1774671559-29;https://www.tokopedia.com/search?condition=1&navsource=home&source=universe&srp_component_id=04.06.00.00&st=product&q=laptop%20microsoft%20surface;https://www.tokopedia.com/globalindocomputeritsby/microsoft-surface-pro-7-with-type-cover-cp-ellaglobalindo?extParam=ivf%3Dfalse%26keyword%3Dlaptop+microsoft+surface%26search_id%3D20260328041558EFE937780E9557123C8B%26src%3Dsearch;Microsoft Surface Pro 7 with Type Cover cp. ELLAglobalindo;15000000;;;;Globalindo Computer Surabaya
1774671565-30;https://www.tokopedia.com/search?condition=1&navsource=home&source=universe&srp_component_id=04.06.00.00&st=product&q=laptop%20microsoft%20surface;https://www.tokopedia.com/jullindo-jis/microsoft-surface-pro-10-13-intel-core-ultra-7-165u-ram-16gb-ssd-256gb-512gb-1tb-business-wind-11-pro-intel-ai-boost-1730876358635259170?extParam=ivf%3Dfalse%26keyword%3Dlaptop+microsoft+surface%26search_id%3D20260328041558EFE937780E9557123C8B%26src%3Dsearch;"Microsoft Surface Pro 10 13"" Intel Core Ultra 7-165U Ram 16GB, SSD 256GB / 512GB / 1TB Business Wind 11 Pro - Intel AI Boost - Ultra7 16/256GB, Platinum";22440000;50;4 rating • 1 ulasan;Terjual 10;Jullindo JIS
1774671571-31;https://www.tokopedia.com/search?condition=1&navsource=home&source=universe&srp_component_id=04.06.00.00&st=product&q=laptop%20microsoft%20surface;https://www.tokopedia.com/depasar-indonesia/microsoft-surface-pro-11-plus-elite-16gb-32gb-64gb-512gb-1tb-2tb-1731786985067415298?extParam=ivf%3Dfalse%26keyword%3Dlaptop+microsoft+surface%26search_id%3D20260328041558EFE937780E9557123C8B%26src%3Dsearch;Microsoft Surface Pro 11 Plus Elite 16GB 32GB 64GB 512GB 1TB 2TB - Processor Plus 10 Core - 16GB - 256GB, Unit Saja;14397000;50;2 rating • 1 ulasan;Terjual 2;dePASAR Indonesia
1774671578-32;https://www.tokopedia.com/search?condition=1&navsource=home&source=universe&srp_component_id=04.06.00.00&st=product&q=laptop%20microsoft%20surface;https://www.tokopedia.com/jam-spinner/microsoft-surface-laptop-go-2-8gb-16gb-128gb-256gb-512gb-1tb-2tb-4gb-64gb-c105f?extParam=ivf%3Dfalse%26keyword%3Dlaptop+microsoft+surface%26search_id%3D20260328041558EFE937780E9557123C8B%26src%3Dsearch;MICROSOFT SURFACE LAPTOP GO 2 8GB 16GB 128GB 256GB 512GB 1TB 2TB - 4GB, 64GB;6799900;;;;jam spinner
1774671584-33;https://www.tokopedia.com/search?condition=1&navsource=home&source=universe&srp_component_id=04.06.00.00&st=product&q=laptop%20microsoft%20surface;https://www.tokopedia.com/depasar-com-jakarta/microsoft-surface-laptop-go-i5-i7-ram-4gb-8gb-16gb-ssd-128gb-256gb-512gb-1tb-2tb-laptop-touch-screen-windows-layar-sentuh-i5-4gb-128gb-53efe?extParam=ivf%3Dfalse%26keyword%3Dlaptop+microsoft+surface%26search_id%3D20260328041558EFE937780E9557123C8B%26src%3Dsearch;MICROSOFT SURFACE LAPTOP GO I5 I7 RAM 4GB 8GB 16GB SSD 128GB 256GB 512GB 1TB 2TB LAPTOP TOUCH SCREEN WINDOWS LAYAR SENTUH - I5 4GB, 128GB;4990000;50;1 rating • 1 ulasan;Terjual 4;depasar.c0m jakarta
1774671589-34;https://www.tokopedia.com/search?condition=1&navsource=home&source=universe&srp_component_id=04.06.00.00&st=product&q=laptop%20microsoft%20surface;https://www.tokopedia.com/idstorecom-1/lndr-microsoft-surface-3-64gb-128gb-second-orignal-10-8-inch-wifi-64gb-charger-85-shd-tebal-3fd9e?extParam=ivf%3Dfalse%26keyword%3Dlaptop+microsoft+surface%26search_id%3D20260328041558EFE937780E9557123C8B%26src%3Dsearch;Lndr- Microsoft Surface 3 64Gb/128Gb Second Orignal 10.8 Inch Wifi - 64GB+CHARGER, 85%SHD TEBAL;2121500;;;;Idstorecom
1774671595-35;https://www.tokopedia.com/search?condition=1&navsource=home&source=universe&srp_component_id=04.06.00.00&st=product&q=laptop%20microsoft%20surface;https://www.tokopedia.com/smartcompstoreoffic/microsoft-surface-go-2-m3-ram-8gb-256gb-ssd-win-11-office-1730823785670804577?extParam=ivf%3Dfalse%26keyword%3Dlaptop+microsoft+surface%26search_id%3D20260328041558EFE937780E9557123C8B%26src%3Dsearch;MICROSOFT SURFACE GO 2 M3 RAM 8GB 256GB SSD WIN 11 + OFFICE - 8/128GB;4420000;;;;SMARTCOMP STORE
1774671601-36;https://www.tokopedia.com/search?condition=1&navsource=home&source=universe&srp_component_id=04.06.00.00&st=product&q=laptop%20microsoft%20surface;https://www.tokopedia.com/zonakomputerjakarta/microsoft-surface-laptop-go-1943-ci5-1035-g1-8-128-second-murah-bergaransi-1732082090305160248?extParam=ivf%3Dfalse%26keyword%3Dlaptop+microsoft+surface%26search_id%3D20260328041558EFE937780E9557123C8B%26src%3Dsearch;Microsoft Surface laptop go 1943 ci5 1035 G1 8/128 Second murah bergaransi;4607500;;;;Zona Komputer Jakarta
1774671607-37;https://www.tokopedia.com/search?condition=1&navsource=home&source=universe&srp_component_id=04.06.00.00&st=product&q=laptop%20microsoft%20surface;https://www.tokopedia.com/adiwoso/microsoft-surface-go-4-for-business-1730823746761884731?extParam=ivf%3Dfalse%26keyword%3Dlaptop+microsoft+surface%26search_id%3D20260328041558EFE937780E9557123C8B%26src%3Dsearch;Microsoft Surface Go 4 for Business - Unit Only, N200 8/128;13200000;50;24 rating • 10 ulasan;Terjual 40+;Adiwoso.id
1774671613-38;https://www.tokopedia.com/search?condition=1&navsource=home&source=universe&srp_component_id=04.06.00.00&st=product&q=laptop%20microsoft%20surface;https://www.tokopedia.com/antennalikdakin15/microsoft-surface-laptop-go-2-12-4-intel-i5-11th-gen-256gb-128gb-ssd-1731080109394069381?extParam=ivf%3Dfalse%26keyword%3Dlaptop+microsoft+surface%26search_id%3D20260328041558EFE937780E9557123C8B%26src%3Dsearch;"MICROSOFT SURFACE LAPTOP GO 2 12.4"" INTEL I5 11TH GEN 256GB 128GB SSD";14995500;;;;antenna likdakin15
1774671619-39;https://www.tokopedia.com/search?condition=1&navsource=home&source=universe&srp_component_id=04.06.00.00&st=product&q=laptop%20microsoft%20surface;https://www.tokopedia.com/livelife-indonesia/microsoft-surface-laptop-7-7th-edition-2024-13-8-qualcomm-snapdragon-x-plus-a-i-copilot-ai-copilot-plus-pc-16gb-lpddr5x-256gb-m-2-nvme-ssd-wifi-7-802-11be?extParam=ivf%3Dfalse%26keyword%3Dlaptop+microsoft+surface%26search_id%3D20260328041558EFE937780E9557123C8B%26src%3Dsearch;"MICROSOFT Surface Laptop 7 / 7th Edition (2024) - 13.8"" Qualcomm Snapdragon X Plus A.I. Copilot+ / AI Copilot Plus PC | 16GB LPDDR5x | 256GB M.2 NVMe SSD | WiFi 7 802.11be";23799000;;;;LiveLife Indonesia
1774671625-40;https://www.tokopedia.com/search?condition=1&navsource=home&source=universe&srp_component_id=04.06.00.00&st=product&q=laptop%20microsoft%20surface;https://www.tokopedia.com/yen-mckinney/microsoft-surface-duo-2-5g-cellular-wifi-storage-256gb-512gb-glacier-256gb?extParam=ivf%3Dfalse%26keyword%3Dlaptop+microsoft+surface%26search_id%3D20260328041558EFE937780E9557123C8B%26src%3Dsearch;Microsoft Surface Duo 2 5G Cellular Wifi STORAGE 256GB / 512GB - Glacier 256GB;31499000;50;35 rating • 15 ulasan;Terjual 40+;Yen McKinney
1774671630-41;https://www.tokopedia.com/search?condition=1&navsource=home&source=universe&srp_component_id=04.06.00.00&st=product&q=laptop%20microsoft%20surface;https://www.tokopedia.com/dzuhri19/microsoft-surface-pro-5-core-i5-gen-7-ram-8gb-ssd-256gb-siap-pakai-1732779011042215459?extParam=ivf%3Dfalse%26keyword%3Dlaptop+microsoft+surface%26search_id%3D20260328041558EFE937780E9557123C8B%26src%3Dsearch;Microsoft surface pro 5 core i5 gen 7//ram 8gb//SSD 256gb siap pakai;4000000;;;1 barang berhasil terjual;dzuhri19
1774671636-42;https://www.tokopedia.com/search?condition=1&navsource=home&source=universe&srp_component_id=04.06.00.00&st=product&q=laptop%20microsoft%20surface;https://www.tokopedia.com/yen-mckinney/microsoft-surface-laptop-5-13-5-15-intel-i7-evo-gen-12-256gb-1tb-ssd-15-i7-32-1tb-black-metal-5bfbe?extParam=ivf%3Dfalse%26keyword%3Dlaptop+microsoft+surface%26search_id%3D20260328041558EFE937780E9557123C8B%26src%3Dsearch;"Microsoft Surface Laptop 5 13.5"" 15"" Intel i7 Evo Gen 12 256GB-1TB SSD - 15"" i7 32 1TB, Black (Metal)";28499000;50;5 rating • 3 ulasan;Terjual 10;Yen McKinney
1774671643-43;https://www.tokopedia.com/search?condition=1&navsource=home&source=universe&srp_component_id=04.06.00.00&st=product&q=laptop%20microsoft%20surface;https://www.tokopedia.com/depasar-com-jakarta/microsoft-surface-pro-7-i5-256gb-baru-bnib-segel?extParam=ivf%3Dfalse%26keyword%3Dlaptop+microsoft+surface%26search_id%3D20260328041558EFE937780E9557123C8B%26src%3Dsearch;MICROSOFT SURFACE PRO 7 i5 256GB BARU BNIB SEGEL;10990000;50;1 rating • 1 ulasan;Terjual 1;depasar.c0m jakarta
1774671649-44;https://www.tokopedia.com/search?condition=1&navsource=home&source=universe&srp_component_id=04.06.00.00&st=product&q=laptop%20microsoft%20surface;https://www.tokopedia.com/pusatko/microsoft-surface-book-2-1832-i7-8-16gb-512gb-gtx1050-1730862075400717718?extParam=ivf%3Dfalse%26keyword%3Dlaptop+microsoft+surface%26search_id%3D20260328041558EFE937780E9557123C8B%26src%3Dsearch;MICROSOFT SURFACE BOOK 2 1832 (I7-8/16GB/512GB) GTX1050 - Grade C;5400000;49;8 rating • 6 ulasan;Terjual 10;Pusat Komputer
1774671655-45;https://www.tokopedia.com/search?condition=1&navsource=home&source=universe&srp_component_id=04.06.00.00&st=product&q=laptop%20microsoft%20surface;https://www.tokopedia.com/rimaslaptopof/microsoft-surface-laptop-1-core-i5-gen-7th-ram-8gb-ssd-256gb-2k-touch?extParam=ivf%3Dfalse%26keyword%3Dlaptop+microsoft+surface%26search_id%3D20260328041558EFE937780E9557123C8B%26src%3Dsearch;Microsoft Surface Laptop 1 Core i5 Gen 7th Ram 8GB SSD 256GB 2K Touch;7190500;;;;Rimas Laptop
1774671661-46;https://www.tokopedia.com/search?condition=1&navsource=home&source=universe&srp_component_id=04.06.00.00&st=product&q=laptop%20microsoft%20surface;https://www.tokopedia.com/pusatko/special-microsoft-surface-laptop-go-1-1943-corei5-gen-1035-procecor-1-0ghz-ram-8-ssd-128-gb-1731775814561465750?extParam=ivf%3Dfalse%26keyword%3Dlaptop+microsoft+surface%26search_id%3D20260328041558EFE937780E9557123C8B%26src%3Dsearch;Special Microsoft Surface Laptop Go 1 1943 Corei5 Gen 1035 Procecor 1.0Ghz Ram 8 Ssd 128 GB;5800000;;;;Pusat Komputer
1774671667-47;https://www.tokopedia.com/search?condition=1&navsource=home&source=universe&srp_component_id=04.06.00.00&st=product&q=laptop%20microsoft%20surface;https://www.tokopedia.com/mr-onecom/microsoft-surface-pro-9-i7-ram-16gb-ssd-256gb-win11-platinum-normal?extParam=ivf%3Dfalse%26keyword%3Dlaptop+microsoft+surface%26search_id%3D20260328041558EFE937780E9557123C8B%26src%3Dsearch;Microsoft Surface Pro 9 i7/RAM 16GB/SSD 256GB WIN11 PLATINUM - NORMAL;22678837;;;;MR Onecom
1774671673-48;https://www.tokopedia.com/search?condition=1&navsource=home&source=universe&srp_component_id=04.06.00.00&st=product&q=laptop%20microsoft%20surface;https://www.tokopedia.com/labcom/microsoft-surface-laptop-3-core-i7-16gb-512gb?extParam=ivf%3Dfalse%26keyword%3Dlaptop+microsoft+surface%26search_id%3D20260328041558EFE937780E9557123C8B%26src%3Dsearch;Microsoft Surface Laptop 3 Core i7/16GB/512GB;29150000;37;3 rating • 3 ulasan;Terjual 3;L@bcom
1774671679-49;https://www.tokopedia.com/search?condition=1&navsource=home&source=universe&srp_component_id=04.06.00.00&st=product&q=laptop%20microsoft%20surface;https://www.tokopedia.com/jullindo/microsoft-surface-laptop-13-2025-copilot-pc-13inch-touch-screen-ram-16gb-ssd-256gb-512gb-snapdragon-x-plus-8-core-windows-11-1732309810962663022?extParam=ivf%3Dfalse%26keyword%3Dlaptop+microsoft+surface%26search_id%3D20260328041558EFE937780E9557123C8B%26src%3Dsearch;"Microsoft Surface Laptop 13"" 2025 Copilot+ PC 13inch Touch-Screen Ram 16GB SSD 256GB / 512GB - Snapdragon X Plus 8 Core - Windows 11 - 16/256GB Platinum";14800000;;;2 barang berhasil terjual;Jis Gadget Store
1774671685-50;https://www.tokopedia.com/search?condition=1&navsource=home&source=universe&srp_component_id=04.06.00.00&st=product&q=laptop%20microsoft%20surface;https://www.tokopedia.com/rineni/murah-microsoft-surface-pro-8-core-i5-gen-11th-8gb-128gb-256gb-1731043972692935691?extParam=ivf%3Dfalse%26keyword%3Dlaptop+microsoft+surface%26search_id%3D20260328041558EFE937780E9557123C8B%26src%3Dsearch;Murah Microsoft Surface Pro 8 Core i5 gen 11th 8GB 128GB 256GB -;8649000;;;;rineni shop berkah
1774671691-51;https://www.tokopedia.com/search?condition=1&navsource=home&source=universe&srp_component_id=04.06.00.00&st=product&q=laptop%20microsoft%20surface;https://www.tokopedia.com/rajaponselcom/microsoft-surface-pro-12-12-inch-copilot-pc-snapdragon-x-plus-16gb-ram-256gb-512gb-ssd-1731759119650489488?extParam=ivf%3Dfalse%26keyword%3Dlaptop+microsoft+surface%26search_id%3D20260328041558EFE937780E9557123C8B%26src%3Dsearch%26whid%3D95439;"Microsoft Surface Pro 12"" 12 Inch Copilot + PC Snapdragon X Plus 16GB RAM 256GB 512GB SSD - platinum, 16/512GB";15459000;;;2 barang berhasil terjual;Rajaponselcom
1774671697-52;https://www.tokopedia.com/search?condition=1&navsource=home&source=universe&srp_component_id=04.06.00.00&st=product&q=laptop%20microsoft%20surface;https://www.tokopedia.com/mr-onecom/microsoft-surface-pro-7-plus-core-i7-16gb-512gb-black-normal?extParam=ivf%3Dfalse%26keyword%3Dlaptop+microsoft+surface%26search_id%3D20260328041558EFE937780E9557123C8B%26src%3Dsearch;Microsoft Surface Pro 7+ Plus Core i7/16GB/512GB BLACK - NORMAL;22150000;;;;MR Onecom
1774671703-53;https://www.tokopedia.com/search?condition=1&navsource=home&source=universe&srp_component_id=04.06.00.00&st=product&q=laptop%20microsoft%20surface;https://www.tokopedia.com/otomasistore/micorsoft-surface-laptop-6-1733057167815968390?extParam=ivf%3Dfalse%26keyword%3Dlaptop+microsoft+surface%26search_id%3D20260328041558EFE937780E9557123C8B%26src%3Dsearch;Micorsoft Surface Laptop 6 - Ultra 5, 16GB 512GB;26583000;;;;Otomasi_NEW
1774671709-54;https://www.tokopedia.com/search?condition=1&navsource=home&source=universe&srp_component_id=04.06.00.00&st=product&q=laptop%20microsoft%20surface;https://www.tokopedia.com/winselindo/microsoft-surface-pro-11-xi-snapdragon-x-elite-processor-512gb-1tb-256gb-plus-16-256gb-sapphire-c4276?extParam=ivf%3Dfalse%26keyword%3Dlaptop+microsoft+surface%26search_id%3D20260328041558EFE937780E9557123C8B%26src%3Dsearch;Microsoft Surface Pro 11 XI Snapdragon X Elite Processor 512GB 1TB 256GB - PLUS 16/256GB, Sapphire;14969000;50;56 rating • 19 ulasan;Terjual 100+;Winselindo
1774671715-55;https://www.tokopedia.com/search?condition=1&navsource=home&source=universe&srp_component_id=04.06.00.00&st=product&q=laptop%20microsoft%20surface;https://www.tokopedia.com/wqzwqkqw/microsoft-surface-go-intel-core-i5-gen10-8-cpus-8gb-128gb-touchscreen-1731851268145055698?extParam=ivf%3Dfalse%26keyword%3Dlaptop+microsoft+surface%26search_id%3D20260328041558EFE937780E9557123C8B%26src%3Dsearch;Microsoft Surface go intel core i5 gen10 8 cpus 8gb 128gb touchscreen;5500000;;;;computershopsamarinda
1774671721-56;https://www.tokopedia.com/search?condition=1&navsource=home&source=universe&srp_component_id=04.06.00.00&st=product&q=laptop%20microsoft%20surface;https://www.tokopedia.com/duniastorage/microsoft-surface-pro-9-intel-core-i5-1235u-8gb-256gb-graphite-3207f?extParam=ivf%3Dfalse%26keyword%3Dlaptop+microsoft+surface%26search_id%3D20260328041558EFE937780E9557123C8B%26src%3Dsearch;Microsoft Surface Pro 9 | Intel Core i5-1235U - 8GB 256GB - GRAPHITE;18999000;;;;Dunia Storage Komputer
1774671727-57;https://www.tokopedia.com/search?condition=1&navsource=home&source=universe&srp_component_id=04.06.00.00&st=product&q=laptop%20microsoft%20surface;https://www.tokopedia.com/drakuligamesofficial/microsoft-surface-pro-9-i7-i5-12th-gen-evo-512gb-256gb-128gb-intel-garansi-i5-8gb-256gb-type-cover-only-a7ede?extParam=ivf%3Dfalse%26keyword%3Dlaptop+microsoft+surface%26search_id%3D20260328041558EFE937780E9557123C8B%26src%3Dsearch;Microsoft Surface Pro 9 i7 i5 12th Gen Evo 512GB 256GB 128GB Intel  Garansi - i5-8GB/256GB, Type Cover Only;17999000;;;;Beyond Games
1774671733-58;https://www.tokopedia.com/search?condition=1&navsource=home&source=universe&srp_component_id=04.06.00.00&st=product&q=laptop%20microsoft%20surface;https://www.tokopedia.com/pandagadget/icrosoft-surface-pro-12-inch-12-snapdragon-x-plus-with-copilot-ai-16gb-ram-256gb-512-gb-ssd-1732250041149720437?extParam=ivf%3Dfalse%26keyword%3Dlaptop+microsoft+surface%26search_id%3D20260328041558EFE937780E9557123C8B%26src%3Dsearch;"icrosoft Surface Pro 12 inch 12"" Snapdragon X Plus with copilot AI 16GB ram & 256GB / 512 GB SSD - Surface Pro 12 16GB/256GB Platinum";14206000;;;;Panda Gadget Store
1774671739-59;https://www.tokopedia.com/search?condition=1&navsource=home&source=universe&srp_component_id=04.06.00.00&st=product&q=laptop%20microsoft%20surface;https://www.tokopedia.com/dellushspace/microsoft-surface-laptop-1-core-i5-gen-7th-ram-8gb-ssd-256gb-2k-touchscreen?extParam=ivf%3Dfalse%26keyword%3Dlaptop+microsoft+surface%26search_id%3D20260328041558EFE937780E9557123C8B%26src%3Dsearch;Microsoft Surface Laptop 1 Core i5 Gen 7th Ram 8GB SSD 256GB 2K Touchscreen;4400000;;;;DellushSpace
1774671744-60;https://www.tokopedia.com/search?condition=1&navsource=home&source=universe&srp_component_id=04.06.00.00&st=product&q=laptop%20microsoft%20surface;https://www.tokopedia.com/cntcomputer/laptop-microsoft-surface-laptop-3-ryzen-5-16-256gb-radeon-vega-9-graphics-1732287862653814037?extParam=ivf%3Dfalse%26keyword%3Dlaptop+microsoft+surface%26search_id%3D20260328041558EFE937780E9557123C8B%26src%3Dsearch;Laptop microsoft surface Laptop 3 ryzen 5 (16/256GB) Radeon Vega 9 Graphics;5300000;;;;CNT Computer
1774671751-61;https://www.tokopedia.com/search?condition=1&navsource=home&source=universe&srp_component_id=04.06.00.00&st=product&q=laptop%20microsoft%20surface;https://www.tokopedia.com/laptop-mahasiswa-392/microsoft-surface-pro-6-i5-8th-layar-2k-silver-2-in-1-1730811999299339322?extParam=ivf%3Dfalse%26keyword%3Dlaptop+microsoft+surface%26search_id%3D20260328041558EFE937780E9557123C8B%26src%3Dsearch;Microsoft Surface Pro 6 i5-8th Layar 2K  silver 2 in 1;5000000;;;;Laptop Mahasiswa
1774671757-62;https://www.tokopedia.com/search?condition=1&navsource=home&source=universe&srp_component_id=04.06.00.00&st=product&q=laptop%20microsoft%20surface;https://www.tokopedia.com/kemejastore77/asli-microsoft-tablet-laptop-touch-screen-surface-go2-m3-8100y-8gb-128gb-layar-sentuh-grad-a-tablet-free-stylus-free-keyboard-bergaransi-1732236756949828984?extParam=ivf%3Dfalse%26keyword%3Dlaptop+microsoft+surface%26search_id%3D20260328041558EFE937780E9557123C8B%26src%3Dsearch;Asli Microsoft Tablet Laptop Touch Screen Surface GO2 M3 8100Y /8GB/128GB layar sentuh Grad A Tablet Free Stylus Free Keyboard Bergaransi - GO 2 (8/128);8456000;;;;MART TOLS
1774671763-63;https://www.tokopedia.com/search?condition=1&navsource=home&source=universe&srp_component_id=04.06.00.00&st=product&q=laptop%20microsoft%20surface;https://www.tokopedia.com/triffastore/microsoft-surface-go-2-8gb-128gb-intel-core-m3-8th-128-win10-pro?extParam=ivf%3Dfalse%26keyword%3Dlaptop+microsoft+surface%26search_id%3D20260328041558EFE937780E9557123C8B%26src%3Dsearch;Microsoft Surface GO 2 8GB / 128GB / Intel Core M3 8th - 128 Win10 Pro;10799000;50;1 rating • 0 ulasan;Terjual 2;Triffa Store
1774671769-64;https://www.tokopedia.com/search?condition=1&navsource=home&source=universe&srp_component_id=04.06.00.00&st=product&q=laptop%20microsoft%20surface;https://www.tokopedia.com/depasar-com-jakarta/microsoft-surface-laptop-7-snapdragon-x-plus-elite-16gb-32gb-64-ram-256gb-512-1tb-ssd-layar-13-8-15-13-inch-15-inch-touch-screen-layar-sentuh-1731627767064200484?extParam=ivf%3Dfalse%26keyword%3Dlaptop+microsoft+surface%26search_id%3D20260328041558EFE937780E9557123C8B%26src%3Dsearch;"Microsoft Surface Laptop 7 Snapdragon X Plus Elite 16GB 32GB 64 RAM 256GB 512 1TB SSD layar 13.8"" 15"" 13 inch 15 inch touch screen layar sentuh - Plus 16GB 256GB";16990000;;;1 barang berhasil terjual;depasar.c0m jakarta
1774671775-65;https://www.tokopedia.com/search?condition=1&navsource=home&source=universe&srp_component_id=04.06.00.00&st=product&q=laptop%20microsoft%20surface;https://www.tokopedia.com/kemejastore77/second-miscrosoft-surface-pro-5-second-murah-bergaransi-1732236707763094904?extParam=ivf%3Dfalse%26keyword%3Dlaptop+microsoft+surface%26search_id%3D20260328041558EFE937780E9557123C8B%26src%3Dsearch;Second Miscrosoft Surface Pro 5 second murah bergaransi - Surface pro 5, 8/128 gb;4539000;;;;MART TOLS
1774671781-66;https://www.tokopedia.com/search?condition=1&navsource=home&source=universe&srp_component_id=04.06.00.00&st=product&q=laptop%20microsoft%20surface;https://www.tokopedia.com/otomasistore/microsoft-surface-go-3-core-i3-pentium-6500y-ram-4gb-64gb-128gb-ssd-i3-8-256-lte-platinum-fa17c?extParam=ivf%3Dfalse%26keyword%3Dlaptop+microsoft+surface%26search_id%3D20260328041558EFE937780E9557123C8B%26src%3Dsearch;Microsoft Surface Go 3 Core i3, Pentium 6500Y RAM 4GB/64GB/128GB SSD - i3/8/256/LTE, Platinum;12887500;;;4 barang berhasil terjual;Otomasi_NEW
1774671787-67;https://www.tokopedia.com/search?condition=1&navsource=home&source=universe&srp_component_id=04.06.00.00&st=product&q=laptop%20microsoft%20surface;https://www.tokopedia.com/depasar-com-jakarta/microsoft-surface-laptop-7-snapdragon-x-plus-16gb-256gb-512-1tb-2tb-ssd-layar-13-8-13-inch-touch-screen-layar-sentuh-1732954065597596964?extParam=ivf%3Dfalse%26keyword%3Dlaptop+microsoft+surface%26search_id%3D20260328041558EFE937780E9557123C8B%26src%3Dsearch;"Microsoft Surface Laptop 7 Snapdragon X Plus 16GB 256GB 512 1TB 2TB SSD layar 13.8""  13 inch touch screen layar sentuh - 256GB";16999000;;;;depasar.c0m jakarta
1774671793-68;https://www.tokopedia.com/search?condition=1&navsource=home&source=universe&srp_component_id=04.06.00.00&st=product&q=laptop%20microsoft%20surface;https://www.tokopedia.com/depasar-com-jakarta/baru-microsoft-surface-pro-6-i7-16gb-256gb-windows-laptop-tablet-tab-bekas-47582?extParam=ivf%3Dfalse%26keyword%3Dlaptop+microsoft+surface%26search_id%3D20260328041558EFE937780E9557123C8B%26src%3Dsearch;BARU MICROSOFT SURFACE PRO 6 I7 16GB 256GB WINDOWS LAPTOP TABLET TAB - bekas;8990000;50;1 rating • 1 ulasan;Terjual 1;depasar.c0m jakarta
1774671799-69;https://www.tokopedia.com/search?condition=1&navsource=home&source=universe&srp_component_id=04.06.00.00&st=product&q=laptop%20microsoft%20surface;https://www.tokopedia.com/gadgetcatalog/microsoft-surface-pro-12-inc-16gb-256gb-512gb-1731619258029933584?extParam=ivf%3Dfalse%26keyword%3Dlaptop+microsoft+surface%26search_id%3D20260328041558EFE937780E9557123C8B%26src%3Dsearch;Microsoft Surface Pro 12 Inc 16GB 256GB 512GB - 16GB 256GB, PLATINUM;13499000;50;8 rating • 2 ulasan;Terjual 30+;Gadget Catalog
1774671805-70;https://www.tokopedia.com/search?condition=1&navsource=home&source=universe&srp_component_id=04.06.00.00&st=product&q=laptop%20microsoft%20surface;https://www.tokopedia.com/jatiphone/microsoft-surface-pro-7-core-i5-1035g4-ram-8-128ssd-touchscreen-1731354604181161100?extParam=ivf%3Dfalse%26keyword%3Dlaptop+microsoft+surface%26search_id%3D20260328041558EFE937780E9557123C8B%26src%3Dsearch;Microsoft surface pro 7 Core i5-1035G4 Ram 8/128SSD Touchscreen - EX.DISPLAY;4499000;50;1 rating • 1 ulasan;Terjual 1;JATI PHONE CELL
1774671811-71;https://www.tokopedia.com/search?condition=1&navsource=home&source=universe&srp_component_id=04.06.00.00&st=product&q=laptop%20microsoft%20surface;https://www.tokopedia.com/armac/microsoft-surface-laptop-3-intel-core-i5-10-ssd-256gb-ram-8gb-vga-iris-plus-windows-11-14-inch-garansi-2-bulan-dengan-adaptor-original-mouse-mousepad-tas-ransel-1733437611702060516?extParam=ivf%3Dfalse%26keyword%3Dlaptop+microsoft+surface%26search_id%3D20260328041558EFE937780E9557123C8B%26src%3Dsearch;Microsoft Surface Laptop 3 Intel Core i5-10 SSD 256GB RAM 8GB VGA IRIS PLUS Windows 11 14 Inch Garansi 2 Bulan dengan Adaptor Original Mouse Mousepad Tas Ransel;7200000;;;;StoreJambiArmac
1774671817-72;https://www.tokopedia.com/search?condition=1&navsource=home&source=universe&srp_component_id=04.06.00.00&st=product&q=laptop%20microsoft%20surface;https://www.tokopedia.com/fhfhfh/laptop-microsoft-surface-i5-gen6-8-256-touchscreen-window-1733162119198574506?extParam=ivf%3Dfalse%26keyword%3Dlaptop+microsoft+surface%26search_id%3D20260328041558EFE937780E9557123C8B%26src%3Dsearch;Laptop Microsoft surface i5 Gen6 8/256 touchscreen window - Lengkap;2498000;;;2 barang berhasil terjual;fhfh store
1774671823-73;https://www.tokopedia.com/search?condition=1&navsource=home&source=universe&srp_component_id=04.06.00.00&st=product&q=laptop%20microsoft%20surface;https://www.tokopedia.com/otomasistore/microsoft-surface-laptop-5-i5-i7-13-15-1731094078876190342?extParam=ivf%3Dfalse%26keyword%3Dlaptop+microsoft+surface%26search_id%3D20260328041558EFE937780E9557123C8B%26src%3Dsearch;"Microsoft Surface Laptop 5 i5/i7 13/15"" - 13""i5/8/1TB, Platinum";17499000;;;5 barang berhasil terjual;Otomasi_NEW
1774671830-74;https://www.tokopedia.com/search?condition=1&navsource=home&source=universe&srp_component_id=04.06.00.00&st=product&q=laptop%20microsoft%20surface;https://www.tokopedia.com/yen-mckinney/microsoft-surface-laptop-7-13-8-15-snapdragon-intel-ultra-16gb-32gb-ram-256-512-1tb-ssd-1731712082857330313?extParam=ivf%3Dfalse%26keyword%3Dlaptop+microsoft+surface%26search_id%3D20260328041558EFE937780E9557123C8B%26src%3Dsearch;"Microsoft Surface Laptop 7 13.8"" & 15"" Snapdragon Intel Ultra 16GB 32GB RAM 256 512 1TB SSD - 13.8"" Elite 16GB 1TB - Dune";28499000;50;9 rating • 4 ulasan;Terjual 27;Yen McKinney
1774671836-75;https://www.tokopedia.com/search?condition=1&navsource=home&source=universe&srp_component_id=04.06.00.00&st=product&q=laptop%20microsoft%20surface;https://www.tokopedia.com/globalindo-sub/microsoft-surface-pro-8-i5-win-11-256gb-8gb-with-cover-hub-febri?extParam=ivf%3Dfalse%26keyword%3Dlaptop+microsoft+surface%26search_id%3D20260328041558EFE937780E9557123C8B%26src%3Dsearch;Microsoft Surface Pro 8 i5 win 11 256GB 8GB with cover _ Hub. Febri;17500000;;;;Globalindo Computer sub
1774671842-76;https://www.tokopedia.com/search?condition=1&navsource=home&source=universe&srp_component_id=04.06.00.00&st=product&q=laptop%20microsoft%20surface;https://www.tokopedia.com/kemejastore77/surface-pro-3-laptop-murah-second-bergaransi-original-1732236731468383608?extParam=ivf%3Dfalse%26keyword%3Dlaptop+microsoft+surface%26search_id%3D20260328041558EFE937780E9557123C8B%26src%3Dsearch;surface pro 3 laptop murah Second bergaransi original - Surface pro 3, Ci3 4/64;2548000;;;;MART TOLS
1774671848-77;https://www.tokopedia.com/search?condition=1&navsource=home&source=universe&srp_component_id=04.06.00.00&st=product&q=laptop%20microsoft%20surface;https://www.tokopedia.com/storemacbook/microsoft-surface-laptop-3-core-i5-gen-10-ram-8gb-ssd-256gb-touchscreen-mulus-1733118730408462060?extParam=ivf%3Dfalse%26keyword%3Dlaptop+microsoft+surface%26search_id%3D20260328041558EFE937780E9557123C8B%26src%3Dsearch;Microsoft surface laptop 3 core i5 gen 10 ram 8gb ssd 256gb touchscreen mulus;4500000;;;;Storemacbook
1774671854-78;https://www.tokopedia.com/search?condition=1&navsource=home&source=universe&srp_component_id=04.06.00.00&st=product&q=laptop%20microsoft%20surface;https://www.tokopedia.com/jullindo-jis/new-microsoft-surface-pro-12-snapdragon-x-plus-8-core-ram-16gb-ssd-256gb-12-inch-touchscreen-wind-11-1731423030725412130?extParam=ivf%3Dfalse%26keyword%3Dlaptop+microsoft+surface%26search_id%3D20260328041558EFE937780E9557123C8B%26src%3Dsearch;NEW Microsoft Surface Pro 12 Snapdragon X Plus (8 Core) Ram 16GB SSD 256GB - 12-inch Touchscreen Wind 11 - 256GB Platinum;13440000;50;23 rating • 12 ulasan;Terjual 60+;Jullindo JIS
1774671861-79;https://www.tokopedia.com/search?condition=1&navsource=home&source=universe&srp_component_id=04.06.00.00&st=product&q=laptop%20microsoft%20surface;https://www.tokopedia.com/wqzwqkqw/microsoft-surface-laptop-3-touchscreen-15-ryzen-5-8gb-256gb-graphics-vega-2gb-like-new-1732367758158170066?extParam=ivf%3Dfalse%26keyword%3Dlaptop+microsoft+surface%26search_id%3D20260328041558EFE937780E9557123C8B%26src%3Dsearch;Microsoft Surface Laptop 3 touchscreen 15 ryzen 5 8gb 256GB graphics Vega 2gb like new;8800000;;;;computershopsamarinda
1774671867-80;https://www.tokopedia.com/search?condition=1&navsource=home&source=universe&srp_component_id=04.06.00.00&st=product&q=laptop%20microsoft%20surface;https://www.tokopedia.com/depasar-com-jakarta/microsoft-surface-go-4-n200-ram-8gb-ssd-64gb-128gb-256gb-windows-tablet-laptop-murah-ter-murah-ter-ringan-2in1-touch-screen-layar-sentuh-10-inch-10-kecil-1731615662136460580?extParam=ivf%3Dfalse%26keyword%3Dlaptop+microsoft+surface%26search_id%3D20260328041558EFE937780E9557123C8B%26src%3Dsearch;"Microsoft Surface Go 4 N200 RAM 8GB SSD 64GB 128GB 256GB windows tablet laptop murah ter-murah ter-ringan 2in1 touch screen layar sentuh 10 inch 10"" kecil - 8GB 64GB, Unit Saja";9888000;50;2 rating • 1 ulasan;Terjual 13;depasar.c0m jakarta
1774671873-81;https://www.tokopedia.com/search?condition=1&navsource=home&source=universe&srp_component_id=04.06.00.00&st=product&q=laptop%20microsoft%20surface;https://www.tokopedia.com/rineni/terlaris-microsoft-surface-go-3-intel-pentium-8gb-ssd-128gb-1731043968665486347?extParam=ivf%3Dfalse%26keyword%3Dlaptop+microsoft+surface%26search_id%3D20260328041558EFE937780E9557123C8B%26src%3Dsearch;Terlaris Microsoft Surface GO 3 intel Pentium 8GB SSD 128GB -;4799000;;;;rineni shop berkah
1774671879-82;https://www.tokopedia.com/search?condition=1&navsource=home&source=universe&srp_component_id=04.06.00.00&st=product&q=laptop%20microsoft%20surface;https://www.tokopedia.com/akfamobile/microsoft-surface-go-8-256-lte-10-inch-new?extParam=ivf%3Dfalse%26keyword%3Dlaptop+microsoft+surface%26search_id%3D20260328041558EFE937780E9557123C8B%26src%3Dsearch;Microsoft Surface Go 8/256 LTE 10 Inch New !!!;11999000;;;;AKFA MOBILE
1774671885-83;https://www.tokopedia.com/search?condition=1&navsource=home&source=universe&srp_component_id=04.06.00.00&st=product&q=laptop%20microsoft%20surface;https://www.tokopedia.com/rakitpc-center/microsoft-surface-intel-core-i5-generasi-8-ram-8gb-ssd-128gb-layar-13-inci-keyboard-backlight-layar-sentuh-1733399351759636398?extParam=ivf%3Dfalse%26keyword%3Dlaptop+microsoft+surface%26search_id%3D20260328041558EFE937780E9557123C8B%26src%3Dsearch;Microsoft Surface Intel Core i5 Generasi 8 RAM 8GB SSD 128GB Layar 13 Inci Keyboard Backlight Layar Sentuh;4100000;;;;RakitPC Center
1774671891-84;https://www.tokopedia.com/search?condition=1&navsource=home&source=universe&srp_component_id=04.06.00.00&st=product&q=laptop%20microsoft%20surface;https://www.tokopedia.com/otomasistore/microsoft-surface-pro-8-intel-core-11th-gen-i5-i5-8-128gb-platinum-420a9?extParam=ivf%3Dfalse%26keyword%3Dlaptop+microsoft+surface%26search_id%3D20260328041558EFE937780E9557123C8B%26src%3Dsearch;Microsoft Surface Pro 8 Intel Core 11th Gen i5 - i5/8/128GB, Platinum;11606000;50;4 rating • 2 ulasan;Terjual 8;Otomasi_NEW
1774671896-85;https://www.tokopedia.com/search?condition=1&navsource=home&source=universe&srp_component_id=04.06.00.00&st=product&q=laptop%20microsoft%20surface;https://www.tokopedia.com/pancanadacomputer/microsoft-surface-pro-11-x-plus-13-inch-copilot-core-10-16gb-256gb-w11h-platinum-1yr-garansi-internasional?extParam=ivf%3Dfalse%26keyword%3Dlaptop+microsoft+surface%26search_id%3D20260328041558EFE937780E9557123C8B%26src%3Dsearch;"Microsoft Surface Pro 11 X Plus 13"" Inch Copilot + Core 10 16GB 256GB W11H Platinum 1YR Garansi Internasional";15270000;;;;Panca Nada Computer
1774671903-86;https://www.tokopedia.com/search?condition=1&navsource=home&source=universe&srp_component_id=04.06.00.00&st=product&q=laptop%20microsoft%20surface;https://www.tokopedia.com/tokogarudatekniksurabaya/surface-pro-9-intel-evo-i5-1235u-8gb-256gb-ssd-13-sapphire-forest?extParam=ivf%3Dfalse%26keyword%3Dlaptop+microsoft+surface%26search_id%3D20260328041558EFE937780E9557123C8B%26src%3Dsearch;"SURFACE PRO 9 INTEL EVO i5-1235U 8GB 256GB SSD 13"" SAPPHIRE/FOREST";16499000;50;1 rating • 0 ulasan;Terjual 3;TOKO GARUDA TEKNIK SURABAYA
1774671909-87;https://www.tokopedia.com/search?condition=1&navsource=home&source=universe&srp_component_id=04.06.00.00&st=product&q=laptop%20microsoft%20surface;https://www.tokopedia.com/otomasistore/microsoft-surface-pro-7-i5-8gb-128gb-win-10-home-bundle-keyboard?extParam=ivf%3Dfalse%26keyword%3Dlaptop+microsoft+surface%26search_id%3D20260328041558EFE937780E9557123C8B%26src%3Dsearch;Microsoft Surface Pro 7 i5 8GB/128GB Win 10 Home Bundle Keyboard;13956000;;;;Otomasi_NEW
1774671914-88;https://www.tokopedia.com/search?condition=1&navsource=home&source=universe&srp_component_id=04.06.00.00&st=product&q=laptop%20microsoft%20surface;https://www.tokopedia.com/rimaslaptopof/laptop-microsoft-surface-pro-i5-ram-8gb-ssd-256gb-bekas-second?extParam=ivf%3Dfalse%26keyword%3Dlaptop+microsoft+surface%26search_id%3D20260328041558EFE937780E9557123C8B%26src%3Dsearch;Laptop Microsoft Surface Pro i5 RAM 8GB SSD 256GB Bekas Second;7400000;;;;Rimas Laptop
1774671920-89;https://www.tokopedia.com/search?condition=1&navsource=home&source=universe&srp_component_id=04.06.00.00&st=product&q=laptop%20microsoft%20surface;https://www.tokopedia.com/new-rizkyapple/microsoft-surface-pro-11-gen-256gb-512gb-1tb-snapdragon-x-plus-elite-with-copilot-plus-pc-tablet-x-plus-16-512gb-graphite-1f0d4?extParam=ivf%3Dfalse%26keyword%3Dlaptop+microsoft+surface%26search_id%3D20260328041558EFE937780E9557123C8B%26src%3Dsearch;Microsoft Surface Pro 11 Gen 256GB 512GB 1TB Snapdragon X Plus/ Elite with Copilot Plus PC Tablet - X Plus 16/512GB, Graphite;17073000;50;5 rating • 3 ulasan;Terjual 25;New RizkyApple
1774671926-90;https://www.tokopedia.com/search?condition=1&navsource=home&source=universe&srp_component_id=04.06.00.00&st=product&q=laptop%20microsoft%20surface;https://www.tokopedia.com/everbestgadget/microsoft-surface-laptop-6-new-garansi-resmi-1731557657927452114?extParam=ivf%3Dfalse%26keyword%3Dlaptop+microsoft+surface%26search_id%3D20260328041558EFE937780E9557123C8B%26src%3Dsearch;MICROSOFT SURFACE LAPTOP 6 NEW GARANSI RESMI - 13 INCH, 16/256GB;26550000;;;;EVERBEST GADGET
1774671932-91;https://www.tokopedia.com/search?condition=1&navsource=home&source=universe&srp_component_id=04.06.00.00&st=product&q=laptop%20microsoft%20surface;https://www.tokopedia.com/newrumahapple/microsoft-surface-pro-11-x-elite-13-copilot-core-12-ram-16gb-ssd-512gb-1tb-w11-resmi-platinum-16-512gb-68790?extParam=ivf%3Dfalse%26keyword%3Dlaptop+microsoft+surface%26search_id%3D20260328041558EFE937780E9557123C8B%26src%3Dsearch;"Microsoft Surface Pro 11 X Elite 13"" Copilot+ Core 12 Ram 16GB SSD 512GB 1TB W11 Resmi - Platinum, 16/512GB";21713000;;;;RumahApple_NEW
1774671938-92;https://www.tokopedia.com/search?condition=1&navsource=home&source=universe&srp_component_id=04.06.00.00&st=product&q=laptop%20microsoft%20surface;https://www.tokopedia.com/depasar-com-jakarta/microsoft-surface-laptop-go-3-i5-generasi-gen-12-ram-16gb-ssd-128gb-256gb-512gb-1tb-2tb-laptop-surface-touch-screen-layar-sentuh-kecil-ringan-mini-1732166425230935332?extParam=ivf%3Dfalse%26keyword%3Dlaptop+microsoft+surface%26search_id%3D20260328041558EFE937780E9557123C8B%26src%3Dsearch;Microsoft Surface Laptop Go 3 i5 generasi gen 12 RAM 16GB SSD 128GB 256GB 512GB 1TB 2TB laptop surface touch screen layar sentuh kecil ringan mini - 128GB;12999000;;;2 barang berhasil terjual;depasar.c0m jakarta
1774671944-93;https://www.tokopedia.com/search?condition=1&navsource=home&source=universe&srp_component_id=04.06.00.00&st=product&q=laptop%20microsoft%20surface;https://www.tokopedia.com/globalindocomputeritsby/microsoft-surface-pro-8-with-type-cover-garansi-resmi-1733567531204970183?extParam=ivf%3Dfalse%26keyword%3Dlaptop+microsoft+surface%26search_id%3D20260328041558EFE937780E9557123C8B%26src%3Dsearch;Microsoft Surface Pro 8 with Type Cover | Garansi Resmi;18200000;;;;Globalindo Computer Surabaya
1774671950-94;https://www.tokopedia.com/search?condition=1&navsource=home&source=universe&srp_component_id=04.06.00.00&st=product&q=laptop%20microsoft%20surface;https://www.tokopedia.com/newrumahapple/microsoft-surface-pro-11-x-plus-13-copilot-core-10-ram-16gb-ssd-256gb-512gb-w11-resmi-graphite-16-512gb-545a4?extParam=ivf%3Dfalse%26keyword%3Dlaptop+microsoft+surface%26search_id%3D20260328041558EFE937780E9557123C8B%26src%3Dsearch;"Microsoft Surface Pro 11 X Plus 13"" Copilot+ Core 10 Ram 16GB SSD 256GB 512GB W11 Resmi - Graphite, 16/512GB";17095000;;;2 barang berhasil terjual;RumahApple_NEW
1774671957-95;https://www.tokopedia.com/search?condition=1&navsource=home&source=universe&srp_component_id=04.06.00.00&st=product&q=laptop%20microsoft%20surface;https://www.tokopedia.com/digitalauthorized/microsoft-surface-laptop-5-15-256gb-512gb-1tb-ram-16gb-intel-12th-gen-black-i7-16gb-512gb-18b76?extParam=ivf%3Dfalse%26keyword%3Dlaptop+microsoft+surface%26search_id%3D20260328041558EFE937780E9557123C8B%26src%3Dsearch;"Microsoft Surface Laptop 5 15"" 256GB 512GB 1TB RAM 16GB Intel 12th Gen - BLACK, i7 16GB 512GB";28290000;;;;New Digital Authorized
1774671962-96;https://www.tokopedia.com/search?condition=1&navsource=home&source=universe&srp_component_id=04.06.00.00&st=product&q=laptop%20microsoft%20surface;https://www.tokopedia.com/otomasistore/microsoft-surface-laptop-go-2-new-i5-8-128gb-sandstone-80702?extParam=ivf%3Dfalse%26keyword%3Dlaptop+microsoft+surface%26search_id%3D20260328041558EFE937780E9557123C8B%26src%3Dsearch;Microsoft Surface Laptop Go 2 new - i5/8/128GB, Sandstone;11340000;50;1 rating • 1 ulasan;Terjual 1;Otomasi_NEW
1774671968-97;https://www.tokopedia.com/search?condition=1&navsource=home&source=universe&srp_component_id=04.06.00.00&st=product&q=laptop%20microsoft%20surface;https://www.tokopedia.com/jullindo-jis/microsoft-surface-pro-11-13inch-oled-untuk-bisnis-intel-ultra-7-series-2-ram-16gb-32gb-ssd-256-512-1tb-copilot-pc-ai-boost-tablet-windows-11-pro-1732972383734957346?extParam=ivf%3Dfalse%26keyword%3Dlaptop+microsoft+surface%26search_id%3D20260328041558EFE937780E9557123C8B%26src%3Dsearch;Microsoft Surface Pro 11 13inch OLED untuk Bisnis Intel Ultra 7 Series 2 Ram 16GB/32GB SSD 256/512/1TB Copilot+ PC AI Boost Tablet Windows 11 Pro - Ultra 7 16/512GB Black;33940000;50;9 rating • 5 ulasan;Terjual 24;Jullindo JIS
1774671975-98;https://www.tokopedia.com/search?condition=1&navsource=home&source=universe&srp_component_id=04.06.00.00&st=product&q=laptop%20microsoft%20surface;https://www.tokopedia.com/satujari-com/microsoft-surface-laptop-2?extParam=ivf%3Dfalse%26keyword%3Dlaptop+microsoft+surface%26search_id%3D20260328041558EFE937780E9557123C8B%26src%3Dsearch;Microsoft Surface Laptop 2;13990000;;;;satujari
1774671981-99;https://www.tokopedia.com/search?condition=1&navsource=home&source=universe&srp_component_id=04.06.00.00&st=product&q=laptop%20microsoft%20surface;https://www.tokopedia.com/urigadget/microsoft-surface-ram-16gb-256gb-intel-core-i7-gen-10-ram-8gb-16gb-1731432902305809641?extParam=ivf%3Dfalse%26keyword%3Dlaptop+microsoft+surface%26search_id%3D20260328041558EFE937780E9557123C8B%26src%3Dsearch;Microsoft Surface, RAM 16GB/256GB Intel Core i7 gen 10 RAM 8GB 16GB - Hitam, 8 gb;9350000;;;;URI GADGET
1774671987-100;https://www.tokopedia.com/search?condition=1&navsource=home&source=universe&srp_component_id=04.06.00.00&st=product&q=laptop%20microsoft%20surface;https://www.tokopedia.com/distri-laptop/microsoft-surface-pro-11-copilot-x-plus-x-elite-512gb-1tb-win-11-x-plus-graphite-16gb-512gb-5a45d?extParam=ivf%3Dfalse%26keyword%3Dlaptop+microsoft+surface%26search_id%3D20260328041558EFE937780E9557123C8B%26src%3Dsearch;Microsoft Surface Pro 11 Copilot+ X Plus X Elite 512GB/1TB Win 11 - X Plus Graphite, 16GB/512GB;17075000;50;16 rating • 4 ulasan;Terjual 50+;Distri Laptop
1774671993-101;https://www.tokopedia.com/search?condition=1&navsource=home&source=universe&srp_component_id=04.06.00.00&st=product&q=laptop%20microsoft%20surface;https://www.tokopedia.com/depasar-com-jakarta/microsoft-surface-pro-8-i5-i7-ram-8gb-16gb-ssd-128gb-256gb-512gb-1tb-1734451516474950948?extParam=ivf%3Dfalse%26keyword%3Dlaptop+microsoft+surface%26search_id%3D20260328041558EFE937780E9557123C8B%26src%3Dsearch;Microsoft surface pro 8 i5 i7 ram 8gb 16gb ssd 128gb 256gb 512gb 1tb - ex i7 16GB 256GB;13990000;50;1 rating • 0 ulasan;Terjual 1;depasar.c0m jakarta
1774671999-102;https://www.tokopedia.com/search?condition=1&navsource=home&source=universe&srp_component_id=04.06.00.00&st=product&q=laptop%20microsoft%20surface;https://www.tokopedia.com/jullindo/microsoft-surface-laptop-13-new-copilot-pc-13inch-touch-screen-snapdragon-x-plus-8-core-ram-16gb-ssd-512gb-1734489690625574510?extParam=ivf%3Dfalse%26keyword%3Dlaptop+microsoft+surface%26search_id%3D20260328041558EFE937780E9557123C8B%26src%3Dsearch;"Microsoft Surface Laptop 13"" NEW Copilot+ PC 13inch Touch-Screen, Snapdragon X Plus 8 Core, Ram 16GB SSD 512GB - Ocean";18000000;45;2 rating • 2 ulasan;Terjual 2;Jis Gadget Store
1774672004-103;https://www.tokopedia.com/search?condition=1&navsource=home&source=universe&srp_component_id=04.06.00.00&st=product&q=laptop%20microsoft%20surface;https://www.tokopedia.com/tokohapedia-idn/microsoft-surface-book-3-2020-256gb-512gb-garansi-resmi-13-8gb-256?extParam=ivf%3Dfalse%26keyword%3Dlaptop+microsoft+surface%26search_id%3D20260328041558EFE937780E9557123C8B%26src%3Dsearch;"Microsoft Surface Book 3 2020 256GB / 512GB GARANSI RESMI - 13"" 8GB 256";26199000;;;;Tokohapedia IDN
1774672012-104;https://www.tokopedia.com/search?condition=1&navsource=home&source=universe&srp_component_id=04.06.00.00&st=product&q=laptop%20microsoft%20surface;https://www.tokopedia.com/otomasistore/microsoft-surface-pro-8-intel-core-i7-11th-256-512-1tb-2tb-i7-16-256gb-platinum-15daa?extParam=ivf%3Dfalse%26keyword%3Dlaptop+microsoft+surface%26search_id%3D20260328041558EFE937780E9557123C8B%26src%3Dsearch;Microsoft Surface Pro 8 Intel Core i7 11th 256/512/1TB/2TB - i7/16/256GB, Platinum;17302000;50;1 rating • 1 ulasan;Terjual 2;Otomasi_NEW
1774672018-105;https://www.tokopedia.com/search?condition=1&navsource=home&source=universe&srp_component_id=04.06.00.00&st=product&q=laptop%20microsoft%20surface;https://www.tokopedia.com/otomasistore/microsoft-surface-laptop-4-13-5-touchscreen-i5-11th-8-512?extParam=ivf%3Dfalse%26keyword%3Dlaptop+microsoft+surface%26search_id%3D20260328041558EFE937780E9557123C8B%26src%3Dsearch;"Microsoft Surface Laptop 4 13.5"" Touchscreen - i5 11th 8/512";14729000;50;1 rating • 1 ulasan;Terjual 1;Otomasi_NEW
1774672024-106;https://www.tokopedia.com/search?condition=1&navsource=home&source=universe&srp_component_id=04.06.00.00&st=product&q=laptop%20microsoft%20surface;https://www.tokopedia.com/depasar-com-jakarta/microsoft-surface-laptop-go-i5-ram-16gb-ssd-128gb-256gb-512gb-1tb-1tb-8-gb-2be40?extParam=ivf%3Dfalse%26keyword%3Dlaptop+microsoft+surface%26search_id%3D20260328041558EFE937780E9557123C8B%26src%3Dsearch;MICROSOFT SURFACE LAPTOP GO I5 RAM 16GB SSD 128GB 256GB 512GB 1TB - 1TB, 8 gb;10999000;50;5 rating • 1 ulasan;Terjual 7;depasar.c0m jakarta
1774672030-107;https://www.tokopedia.com/search?condition=1&navsource=home&source=universe&srp_component_id=04.06.00.00&st=product&q=laptop%20microsoft%20surface;https://www.tokopedia.com/winselindo/microsoft-surface-pro-8-8gb-128gb-intel-i5-gen-11-1729908339365480183?extParam=ivf%3Dfalse%26keyword%3Dlaptop+microsoft+surface%26search_id%3D20260328041558EFE937780E9557123C8B%26src%3Dsearch;Microsoft surface pro 8 8gb 128gb intel i5 gen 11 - i5 8GB 128GB, Platinum Bundle;15449000;50;69 rating • 28 ulasan;Terjual 80+;Winselindo
1774672035-108;https://www.tokopedia.com/search?condition=1&navsource=home&source=universe&srp_component_id=04.06.00.00&st=product&q=laptop%20microsoft%20surface;https://www.tokopedia.com/teknotrend/microsoft-surface-pro-11-xi-snapdragon-x-elite-processor-256gb-512gb-1tb-1731672514315585474?extParam=ivf%3Dfalse%26keyword%3Dlaptop+microsoft+surface%26search_id%3D20260328041558EFE937780E9557123C8B%26src%3Dsearch;Microsoft Surface Pro 11 XI Snapdragon X Elite Processor 256GB 512GB 1TB - Platinum, X Elite 16GB/512GB;21693000;50;29 rating • 19 ulasan;Terjual 80+;TeknoTrend ID
1774672041-109;https://www.tokopedia.com/search?condition=1&navsource=home&source=universe&srp_component_id=04.06.00.00&st=product&q=laptop%20microsoft%20surface;https://www.tokopedia.com/otomasistore/microsoft-surface-pro-7-i5-8gb-128gb-win-10-home-bundle-type-cover-new?extParam=ivf%3Dfalse%26keyword%3Dlaptop+microsoft+surface%26search_id%3D20260328041558EFE937780E9557123C8B%26src%3Dsearch;Microsoft Surface Pro 7 i5 8GB/128GB Win 10 Home Bundle Type Cover NEW;13250000;50;1 rating • 1 ulasan;Terjual 1;Otomasi_NEW
1774672047-110;https://www.tokopedia.com/search?condition=1&navsource=home&source=universe&srp_component_id=04.06.00.00&st=product&q=laptop%20microsoft%20surface;https://www.tokopedia.com/drakuligamesofficial/microsoft-surface-pro-12-12-inch-copilot-pc-snapdragon-x-plus-16gb-ram-256gb-512gb-ssd-garansi-1-tahun-1732148654791886505?extParam=ivf%3Dfalse%26keyword%3Dlaptop+microsoft+surface%26search_id%3D20260328041558EFE937780E9557123C8B%26src%3Dsearch;"Microsoft Surface Pro 12"" 12 Inch Copilot + PC Snapdragon X Plus 16GB RAM 256GB 512GB SSD | Garansi 1 Tahun - PLATINUM, 16/256";14450000;10;1 rating • 1 ulasan;Terjual 2;Beyond Games
1774672053-111;https://www.tokopedia.com/search?condition=1&navsource=home&source=universe&srp_component_id=04.06.00.00&st=product&q=laptop%20microsoft%20surface;https://www.tokopedia.com/dodolaptopreal/microsoft-surface-go-1943-i5-1035g-4gb-256gb-12-touch-w10-4gb-256gb-06d27?extParam=ivf%3Dfalse%26keyword%3Dlaptop+microsoft+surface%26search_id%3D20260328041558EFE937780E9557123C8B%26src%3Dsearch;"Microsoft Surface GO (1943) i5-1035G / 4GB / 256GB / 12"" TOUCH / W10 - 4GB/256GB";5219000;50;2 rating • 1 ulasan;Terjual 2;DODOLAPTOP.REAL
1774672060-112;https://www.tokopedia.com/search?condition=1&navsource=home&source=universe&srp_component_id=04.06.00.00&st=product&q=laptop%20microsoft%20surface;https://www.tokopedia.com/bigberry-store/microsoft-surface-pro-11-xi-snapdragon-x-elite-processor-256gb-512gb-1tb-plus-16-256gb-platinum-15c82?extParam=ivf%3Dfalse%26keyword%3Dlaptop+microsoft+surface%26search_id%3D20260328041558EFE937780E9557123C8B%26src%3Dsearch;Microsoft Surface Pro 11 XI Snapdragon X Elite Processor 256GB 512GB 1TB - PLUS 16/256GB, PLATINUM;14449000;50;105 rating • 40 ulasan;Terjual 250+;Bigberry Store
1774672065-113;https://www.tokopedia.com/search?condition=1&navsource=home&source=universe&srp_component_id=04.06.00.00&st=product&q=laptop%20microsoft%20surface;https://www.tokopedia.com/irwan11/promo-laptop-microsoft-surface-go-laptop-i5-1035g1-8gb-128gb-ice-blue?extParam=ivf%3Dfalse%26keyword%3Dlaptop+microsoft+surface%26search_id%3D20260328041558EFE937780E9557123C8B%26src%3Dsearch;PROMO LAPTOP MICROSOFT SURFACE GO LAPTOP I5 1035G1 8GB 128GB ICE BLUE;10239000;;;;Irwan111
1774672071-114;https://www.tokopedia.com/search?condition=1&navsource=home&source=universe&srp_component_id=04.06.00.00&st=product&q=laptop%20microsoft%20surface;https://www.tokopedia.com/otomasistore/microsoft-surface-go-ram-8gb-rom-256gb-lte-platinum-new?extParam=ivf%3Dfalse%26keyword%3Dlaptop+microsoft+surface%26search_id%3D20260328041558EFE937780E9557123C8B%26src%3Dsearch;Microsoft Surface GO RAM 8GB ROM 256GB LTE platinum NEW;16160000;50;1 rating • 1 ulasan;Terjual 1;Otomasi_NEW
1774672077-115;https://www.tokopedia.com/search?condition=1&navsource=home&source=universe&srp_component_id=04.06.00.00&st=product&q=laptop%20microsoft%20surface;https://www.tokopedia.com/depasar-com-jakarta/microsoft-surface-laptop-go-3-i5-generasi-gen-12-ram-8gb-ssd-128gb-256gb-512gb-1tb-2tb-laptop-surface-touch-screen-layar-sentuh-kecil-ringan-mini-1732158599264765220?extParam=ivf%3Dfalse%26keyword%3Dlaptop+microsoft+surface%26search_id%3D20260328041558EFE937780E9557123C8B%26src%3Dsearch;Microsoft Surface Laptop Go 3 i5 generasi gen 12 RAM 8GB SSD 128GB 256GB 512GB 1TB 2TB laptop surface touch screen layar sentuh kecil ringan mini - 128GB;10999000;;;;depasar.c0m jakarta
1774672083-116;https://www.tokopedia.com/search?condition=1&navsource=home&source=universe&srp_component_id=04.06.00.00&st=product&q=laptop%20microsoft%20surface;https://www.tokopedia.com/jullindo-jis/microsoft-surface-pro-11-edition-copilot-pc-13-snapdragon-x-elite-12-core-with-oled-16gb-ram-1tb-512gb-ssd-wind-11-1730876352350749986?extParam=ivf%3Dfalse%26keyword%3Dlaptop+microsoft+surface%26search_id%3D20260328041558EFE937780E9557123C8B%26src%3Dsearch;"Microsoft Surface Pro 11 Edition Copilot+ PC 13"" Snapdragon X Elite (12 Core), with OLED 16GB RAM, 1TB / 512GB SSD, Wind 11 - Black";21640000;50;35 rating • 17 ulasan;Terjual 90+;Jullindo JIS
1774672089-117;https://www.tokopedia.com/search?condition=1&navsource=home&source=universe&srp_component_id=04.06.00.00&st=product&q=laptop%20microsoft%20surface;https://www.tokopedia.com/tokohapedia-idn/microsoft-surface-pro-x-8gb-256gb-black-garansi-resmi-surface-pro?extParam=ivf%3Dfalse%26keyword%3Dlaptop+microsoft+surface%26search_id%3D20260328041558EFE937780E9557123C8B%26src%3Dsearch;Microsoft Surface Pro X 8GB 256GB Black Garansi Resmi - SURFACE PRO;17249000;50;9 rating • 6 ulasan;Terjual 20;Tokohapedia IDN
1774672095-118;https://www.tokopedia.com/search?condition=1&navsource=home&source=universe&srp_component_id=04.06.00.00&st=product&q=laptop%20microsoft%20surface;https://www.tokopedia.com/tokoacoy/microsoft-surface-go-8-128gb-with-keyboard-and-pen-plus-keybord?extParam=ivf%3Dfalse%26keyword%3Dlaptop+microsoft+surface%26search_id%3D20260328041558EFE937780E9557123C8B%26src%3Dsearch;Microsoft Surface Go 8/128GB with Keyboard and pen - plus keybord;5950000;49;7 rating • 3 ulasan;Terjual 15;Tokoacoy Official_NEW
1774672101-119;https://www.tokopedia.com/search?condition=1&navsource=home&source=universe&srp_component_id=04.06.00.00&st=product&q=laptop%20microsoft%20surface;https://www.tokopedia.com/adiwoso/microsoft-surface-for-business-extended-warranty?extParam=ivf%3Dfalse%26keyword%3Dlaptop+microsoft+surface%26search_id%3D20260328041558EFE937780E9557123C8B%26src%3Dsearch;Microsoft Surface for Business Extended Warranty;1800000;50;19 rating • 6 ulasan;Terjual 40+;Adiwoso.id
1774672106-120;https://www.tokopedia.com/search?condition=1&navsource=home&source=universe&srp_component_id=04.06.00.00&st=product&q=laptop%20microsoft%20surface;https://www.tokopedia.com/digitalauthorized/microsoft-surface-laptop-studio-core-i7-11th-gen-2tb-1tb-512gb-256gb-core-i7-32gb-1tb-ef933?extParam=ivf%3Dfalse%26keyword%3Dlaptop+microsoft+surface%26search_id%3D20260328041558EFE937780E9557123C8B%26src%3Dsearch;Microsoft Surface Laptop Studio Core i7 11th Gen 2TB 1TB 512GB 256GB - CORE i7, 32GB 1TB;42270000;;;;New Digital Authorized
1774672113-121;https://www.tokopedia.com/search?condition=1&navsource=home&source=universe&srp_component_id=04.06.00.00&st=product&q=laptop%20microsoft%20surface;https://www.tokopedia.com/chocoapple/microsoft-surface-pro-12-2025-copilot-pc-touchscreen-12-snapdragon-x-plus-16gb-512gb-256gb-tablet-laptop-1731709858389001459?extParam=ivf%3Dfalse%26keyword%3Dlaptop+microsoft+surface%26search_id%3D20260328041558EFE937780E9557123C8B%26src%3Dsearch;"Microsoft Surface Pro 12 2025 Copilot+ PC Touchscreen 12"" Snapdragon X Plus 16GB 512GB 256GB Tablet/Laptop - 16GB 256GB";13850000;50;3 rating • 0 ulasan;Terjual 26;chocoapple_NEW
1774672118-122;https://www.tokopedia.com/search?condition=1&navsource=home&source=universe&srp_component_id=04.06.00.00&st=product&q=laptop%20microsoft%20surface;https://www.tokopedia.com/winselindo/microsoft-surface-pro-12-xii-2025-snapdragon-processor-256gb-512gb-ocean-violet-platinum-1731827510939780855?extParam=ivf%3Dfalse%26keyword%3Dlaptop+microsoft+surface%26search_id%3D20260328041558EFE937780E9557123C8B%26src%3Dsearch;Microsoft Surface Pro 12 XII 2025 Snapdragon Processor-256GB/512GB-Ocean Violet Platinum - OCEAN, 16/512GB;17500000;48;17 rating • 10 ulasan;Terjual 30+;Winselindo
1774672124-123;https://www.tokopedia.com/search?condition=1&navsource=home&source=universe&srp_component_id=04.06.00.00&st=product&q=laptop%20microsoft%20surface;https://www.tokopedia.com/mr-onecom/microsoft-surface-laptop-go-2-core-i5-8gb-256-ssd-12-4-touchscreen?extParam=ivf%3Dfalse%26keyword%3Dlaptop+microsoft+surface%26search_id%3D20260328041558EFE937780E9557123C8B%26src%3Dsearch;"Microsoft Surface Laptop Go 2 Core i5 8GB 256 SSD 12.4"" Touchscreen";12777100;;;;MR Onecom
1774672130-124;https://www.tokopedia.com/search?condition=1&navsource=home&source=universe&srp_component_id=04.06.00.00&st=product&q=laptop%20microsoft%20surface;https://www.tokopedia.com/pandagadget/surface-pro-11-laptop-2-in-1-snapdragon-x-elite-plus-microsoft-windows-11-ram-16gb-32gb-ssd-256gb-512gb-1tb-original-1731401178522945397?extParam=ivf%3Dfalse%26keyword%3Dlaptop+microsoft+surface%26search_id%3D20260328041558EFE937780E9557123C8B%26src%3Dsearch;Surface Pro 11 laptop 2 in 1 Snapdragon X Elite / Plus Microsoft Windows 11 Ram 16GB 32GB | SSD 256GB 512GB 1TB Original - Plus 16/512GB Black (Graphite);18583000;;;;Panda Gadget Store
1774672136-125;https://www.tokopedia.com/search?condition=1&navsource=home&source=universe&srp_component_id=04.06.00.00&st=product&q=laptop%20microsoft%20surface;https://www.tokopedia.com/orka/microsoft-surface-go-10-8-128-garansi-1-tahun?extParam=ivf%3Dfalse%26keyword%3Dlaptop+microsoft+surface%26search_id%3D20260328041558EFE937780E9557123C8B%26src%3Dsearch;"Microsoft Surface Go 10"" 8/128 Garansi 1 Tahun";9977000;;;1 barang berhasil terjual;OrKa Com
1774672142-126;https://www.tokopedia.com/search?condition=1&navsource=home&source=universe&srp_component_id=04.06.00.00&st=product&q=laptop%20microsoft%20surface;https://www.tokopedia.com/labcom/microsoft-surface-laptop-3-13-5-core-i5-8gb-128gb?extParam=ivf%3Dfalse%26keyword%3Dlaptop+microsoft+surface%26search_id%3D20260328041558EFE937780E9557123C8B%26src%3Dsearch;"Microsoft Surface Laptop 3 13.5"" Core i5/8GB/128GB";17140000;50;1 rating • 0 ulasan;Terjual 2;L@bcom
1774672148-127;https://www.tokopedia.com/search?condition=1&navsource=home&source=universe&srp_component_id=04.06.00.00&st=product&q=laptop%20microsoft%20surface;https://www.tokopedia.com/depasar-indonesia/microsoft-surface-pro-12-plus-16gb-256gb-512gb-1732401511129908994?extParam=ivf%3Dfalse%26keyword%3Dlaptop+microsoft+surface%26search_id%3D20260328041558EFE937780E9557123C8B%26src%3Dsearch;Microsoft Surface Pro 12 Plus 16GB 256GB 512GB - Processor Plus 10 Core - 16GB - 256GB, Unit Saja;14397000;;;;dePASAR Indonesia
1774672154-128;https://www.tokopedia.com/search?condition=1&navsource=home&source=universe&srp_component_id=04.06.00.00&st=product&q=laptop%20microsoft%20surface;https://www.tokopedia.com/alstoretop30/second-microsoft-surface-pro-touchscreen-2-in-1-ram-8-gb-ssd-256-gb-intel-core-i5-gen-7-mulus-1730841525604090946?extParam=ivf%3Dfalse%26keyword%3Dlaptop+microsoft+surface%26search_id%3D20260328041558EFE937780E9557123C8B%26src%3Dsearch;{SECOND} Microsoft surface pro touchscreen 2 in 1 Ram 8 GB SSD 256 GB intel core i5 gen 7 Mulus;4500000;50;3 rating • 3 ulasan;Terjual 14;ALStoretop30
1774672161-129;https://www.tokopedia.com/search?condition=1&navsource=home&source=universe&srp_component_id=04.06.00.00&st=product&q=laptop%20microsoft%20surface;https://www.tokopedia.com/murbeistore/microsoft-surface-laptop-go-1-1732871330148287928?extParam=ivf%3Dfalse%26keyword%3Dlaptop+microsoft+surface%26search_id%3D20260328041558EFE937780E9557123C8B%26src%3Dsearch;microsoft surface laptop go 1;8500000;;;;Kauhastore
1774672166-130;https://www.tokopedia.com/search?condition=1&navsource=home&source=universe&srp_component_id=04.06.00.00&st=product&q=laptop%20microsoft%20surface;https://www.tokopedia.com/jullindo-jis/new-microsoft-surface-laptop-6-business-intel-core-ultra-7-165h-ram-16gb-32gb-ssd-512gb-1tb-touch-windows-11-pro-1734439299688203554?extParam=ivf%3Dfalse%26keyword%3Dlaptop+microsoft+surface%26search_id%3D20260328041558EFE937780E9557123C8B%26src%3Dsearch;"NEW Microsoft Surface Laptop 6 Business Intel Core Ultra 7-165H Ram 16GB / 32GB, SSD 512GB / 1TB - Touch Windows 11 Pro - 15"" 16/512 Black";33940000;50;6 rating • 2 ulasan;Terjual 19;Jullindo JIS
1774672172-131;https://www.tokopedia.com/search?condition=1&navsource=home&source=universe&srp_component_id=04.06.00.00&st=product&q=laptop%20microsoft%20surface;https://www.tokopedia.com/otomasistore/microsoft-surface-laptop-7-7th-edition-copilot-pc-snapdragon-x-plus-elite-13-8-1731094074287163014?extParam=ivf%3Dfalse%26keyword%3Dlaptop+microsoft+surface%26search_id%3D20260328041558EFE937780E9557123C8B%26src%3Dsearch;"Microsoft Surface Laptop 7 7th Edition Copilot+ PC Snapdragon X Plus/Elite 13.8"" - X Plus, 16GB 256GB";17360000;50;10 rating • 5 ulasan;Terjual 250+;Otomasi_NEW
1774672178-132;https://www.tokopedia.com/search?condition=1&navsource=home&source=universe&srp_component_id=04.06.00.00&st=product&q=laptop%20microsoft%20surface;https://www.tokopedia.com/cntcomputer/microsoft-surface-laptop-3-core-i7-10th-16-512gb-touchscreen-3k-display-laptop-kerja-professional-1732287885333857557?extParam=ivf%3Dfalse%26keyword%3Dlaptop+microsoft+surface%26search_id%3D20260328041558EFE937780E9557123C8B%26src%3Dsearch;Microsoft surface Laptop 3 core i7-10TH (16/512GB) TOUCHSCREEN 3K DISPLAY Laptop Kerja Professional;7000000;;;;CNT Computer
1774672184-133;https://www.tokopedia.com/search?condition=1&navsource=home&source=universe&srp_component_id=04.06.00.00&st=product&q=laptop%20microsoft%20surface;https://www.tokopedia.com/labcom/microsoft-surface-laptop-4-13-5-core-i7-16gb-ram-512gb-ssd-core-i5-16gb?extParam=ivf%3Dfalse%26keyword%3Dlaptop+microsoft+surface%26search_id%3D20260328041558EFE937780E9557123C8B%26src%3Dsearch;"Microsoft Surface Laptop 4 13.5"" Core i7 16GB RAM 512GB SSD - Core i5/16GB";24250000;50;1 rating • 0 ulasan;Terjual 3;L@bcom
1774672190-134;https://www.tokopedia.com/search?condition=1&navsource=home&source=universe&srp_component_id=04.06.00.00&st=product&q=laptop%20microsoft%20surface;https://www.tokopedia.com/adiwoso/microsoft-surface-go-3-6500-128-gb-1730253683398640699?extParam=ivf%3Dfalse%26keyword%3Dlaptop+microsoft+surface%26search_id%3D20260328041558EFE937780E9557123C8B%26src%3Dsearch;Microsoft Surface Go 3 6500 128 Gb - Platinum, KB Black;9499000;50;29 rating • 13 ulasan;Terjual 50+;Adiwoso.id
1774672196-135;https://www.tokopedia.com/search?condition=1&navsource=home&source=universe&srp_component_id=04.06.00.00&st=product&q=laptop%20microsoft%20surface;https://www.tokopedia.com/mr-onecom/microsoft-surface-pro-8-13-core-i5-1135g7-ram-16gb-ssd-256gb-wind-11-normal?extParam=ivf%3Dfalse%26keyword%3Dlaptop+microsoft+surface%26search_id%3D20260328041558EFE937780E9557123C8B%26src%3Dsearch;"Microsoft Surface Pro 8 13"" Core i5-1135G7 Ram 16GB SSD 256GB Wind 11 - NORMAL";20200000;;;;MR Onecom
1774672202-136;https://www.tokopedia.com/search?condition=1&navsource=home&source=universe&srp_component_id=04.06.00.00&st=product&q=laptop%20microsoft%20surface;https://www.tokopedia.com/digitalauthorized/microsoft-surface-laptop-5-13-5-256gb-512gb-ram-8-16gb-intel-12th-gen-black-i5-8gb-256gb-8c17f?extParam=ivf%3Dfalse%26keyword%3Dlaptop+microsoft+surface%26search_id%3D20260328041558EFE937780E9557123C8B%26src%3Dsearch;"Microsoft Surface Laptop 5 13.5"" 256GB 512GB RAM 8 16GB Intel 12th Gen - BLACK, i5 8GB 256GB";16455000;;;;New Digital Authorized
1774672208-137;https://www.tokopedia.com/search?condition=1&navsource=home&source=universe&srp_component_id=04.06.00.00&st=product&q=laptop%20microsoft%20surface;https://www.tokopedia.com/mr-onecom/microsoft-surface-laptop-go-2-core-i5-8gb-128-ssd-12-4-touchscreen?extParam=ivf%3Dfalse%26keyword%3Dlaptop+microsoft+surface%26search_id%3D20260328041558EFE937780E9557123C8B%26src%3Dsearch;"Microsoft Surface Laptop Go 2 Core i5 8GB 128 SSD 12.4"" Touchscreen";11613100;;;;MR Onecom
1774672214-138;https://www.tokopedia.com/search?condition=1&navsource=home&source=universe&srp_component_id=04.06.00.00&st=product&q=laptop%20microsoft%20surface;https://www.tokopedia.com/depasar-com-jakarta/microsoft-surface-pro-x-sq1-16gb-256gb-512gb-1tb-2tb-mirip-microsoft-surface-pro-11-12-arm-beda-microsoft-surface-pro-4-5-6-7-8-9-10-baru-original-ori-asli-laptop-windows-1733931929157928228?extParam=ivf%3Dfalse%26keyword%3Dlaptop+microsoft+surface%26search_id%3D20260328041558EFE937780E9557123C8B%26src%3Dsearch;MICROSOFT SURFACE PRO X SQ1 16GB 256GB 512GB 1TB 2TB - mirip Microsoft surface pro 11 12 Arm beda - Microsoft surface pro 4 5 6 7+ 8 9 10 baru original Ori asli laptop windows - 256GB;10990000;;;4 barang berhasil terjual;depasar.c0m jakarta
1774672220-139;https://www.tokopedia.com/search?condition=1&navsource=home&source=universe&srp_component_id=04.06.00.00&st=product&q=laptop%20microsoft%20surface;https://www.tokopedia.com/jullindo-jis/microsoft-surface-pro-11-13inch-lcd-intel-ultra-5-series-2-ram-16gb-ssd-256-512gb-copilot-pc-ai-boost-tablet-windows-11-pro-1734439400532903202?extParam=ivf%3Dfalse%26keyword%3Dlaptop+microsoft+surface%26search_id%3D20260328041558EFE937780E9557123C8B%26src%3Dsearch;Microsoft Surface Pro 11 13inch LCD Intel Ultra 5 Series 2 RAM 16GB SSD 256/512GB Copilot+ PC AI Boost Tablet Windows 11 Pro - 16/256GB - Platinum;25440000;50;51 rating • 31 ulasan;Terjual 100+;Jullindo JIS
1774672225-140;https://www.tokopedia.com/search?condition=1&navsource=home&source=universe&srp_component_id=04.06.00.00&st=product&q=laptop%20microsoft%20surface;https://www.tokopedia.com/studioponsel/microsoft-surface-pro-12-x-plus-12-inch-copilot-core-8-16gb-256gb-windows-11-1731796894453172018?extParam=ivf%3Dfalse%26keyword%3Dlaptop+microsoft+surface%26search_id%3D20260328041558EFE937780E9557123C8B%26src%3Dsearch;"Microsoft Surface Pro 12 X Plus 12"" Inch Copilot+ Core 8 16GB/256GB Windows 11";13608000;47;15 rating • 4 ulasan;Terjual 50+;Studio Ponsel Store
1774672231-141;https://www.tokopedia.com/search?condition=1&navsource=home&source=universe&srp_component_id=04.06.00.00&st=product&q=laptop%20microsoft%20surface;https://www.tokopedia.com/new-rizkyapple/microsoft-surface-pro-11-gen-13-512gb-ram-16gb-snapdragon-x-plus-with-copilot-plus-core-10-pc-tablet-1733984635242185854?extParam=ivf%3Dfalse%26keyword%3Dlaptop+microsoft+surface%26search_id%3D20260328041558EFE937780E9557123C8B%26src%3Dsearch;"Microsoft Surface Pro 11 Gen 13"" 512GB RAM 16GB Snapdragon X Plus with Copilot+ Plus Core 10 PC Tablet - Graphite";17073000;49;53 rating • 38 ulasan;Terjual 100+;New RizkyApple
1774672237-142;https://www.tokopedia.com/search?condition=1&navsource=home&source=universe&srp_component_id=04.06.00.00&st=product&q=laptop%20microsoft%20surface;https://www.tokopedia.com/onestopgaming/microsoft-surface-pro-11-copilot-core-10-256gb-512gb-snapdragon-x-elite-x-plus-copilot-plus-pc-win11-1731305028690937090?extParam=ivf%3Dfalse%26keyword%3Dlaptop+microsoft+surface%26search_id%3D20260328041558EFE937780E9557123C8B%26src%3Dsearch;Microsoft Surface Pro 11 Copilot+ Core 10 256GB 512GB Snapdragon X Elite / X Plus Copilot Plus PC Win11 - Platinum, X Elite 16/512;21683000;49;16 rating • 13 ulasan;Terjual 60+;Onestop Gaming
1774672244-143;https://www.tokopedia.com/search?condition=1&navsource=home&source=universe&srp_component_id=04.06.00.00&st=product&q=laptop%20microsoft%20surface;https://www.tokopedia.com/arinug08-1/dijual-microsoft-surface-3-4gb-128gb-hybrid-tablet-laptop-ringan-praktis-untuk-kerja-browsing-nonton-dan-office-harian-1732506321508271563?extParam=ivf%3Dfalse%26keyword%3Dlaptop+microsoft+surface%26search_id%3D20260328041558EFE937780E9557123C8B%26src%3Dsearch;Dijual Microsoft Surface 3 – 4GB/128GB  Hybrid tablet + laptop, ringan & praktis untuk kerja, browsing, nonton, dan Office harian.;1190000;;;;arinug08
1774672249-144;https://www.tokopedia.com/search?condition=1&navsource=home&source=universe&srp_component_id=04.06.00.00&st=product&q=laptop%20microsoft%20surface;https://www.tokopedia.com/depasar-com-jakarta/microsoft-surface-laptop-5-i5-i7-8gb-16gb-256gb-512gb-1tb-13-inch-13-i5-8gb-256gb-82685?extParam=ivf%3Dfalse%26keyword%3Dlaptop+microsoft+surface%26search_id%3D20260328041558EFE937780E9557123C8B%26src%3Dsearch;MICROSOFT SURFACE LAPTOP 5 I5 I7  8GB 16GB 256GB 512GB 1TB 13 Inch 13″ - i5 8GB 256GB;13799000;;;1 barang berhasil terjual;depasar.c0m jakarta
1774672255-145;https://www.tokopedia.com/search?condition=1&navsource=home&source=universe&srp_component_id=04.06.00.00&st=product&q=laptop%20microsoft%20surface;https://www.tokopedia.com/depasar-com-jakarta/microsoft-surface-laptop-go-2-i5-4gb-8gb-128gb-256gb-512gb-1tb-2tb-4gb-128gb-d40ac?extParam=ivf%3Dfalse%26keyword%3Dlaptop+microsoft+surface%26search_id%3D20260328041558EFE937780E9557123C8B%26src%3Dsearch;MICROSOFT SURFACE LAPTOP GO 2 i5 4GB 8GB 128GB 256GB 512GB 1TB 2TB - 4GB, 128GB;6990000;;;;depasar.c0m jakarta
1774672261-146;https://www.tokopedia.com/search?condition=1&navsource=home&source=universe&srp_component_id=04.06.00.00&st=product&q=laptop%20microsoft%20surface;https://www.tokopedia.com/jullindo-jis/microsoft-surface-laptop-7th-intel-core-ultra-5-7-series-2-snapdragon-x-elite-12-core-or-x-plus-copilot-pc-touchscreen-1734435297597883682?extParam=ivf%3Dfalse%26keyword%3Dlaptop+microsoft+surface%26search_id%3D20260328041558EFE937780E9557123C8B%26src%3Dsearch;"Microsoft Surface Laptop 7th Intel Core Ultra 5 / 7 (Series 2) |  Snapdragon X Elite (12 Core) or X Plus Copilot+ PC - Touchscreen - 13.8"" Elite 16/1TB Dune";29440000;50;5 rating • 4 ulasan;Terjual 7;Jullindo JIS
1774672268-147;https://www.tokopedia.com/search?condition=1&navsource=home&source=universe&srp_component_id=04.06.00.00&st=product&q=laptop%20microsoft%20surface;https://www.tokopedia.com/trigofi/microsoft-surface-laptop-5-brand-new-i7-gen-12-1731869407413634064?extParam=ivf%3Dfalse%26keyword%3Dlaptop+microsoft+surface%26search_id%3D20260328041558EFE937780E9557123C8B%26src%3Dsearch;Microsoft Surface Laptop 5 Brand New  i7 Gen 12;17850000;;;;Minority Tech
1774672276-148;https://www.tokopedia.com/search?condition=1&navsource=home&source=universe&srp_component_id=04.06.00.00&st=product&q=laptop%20microsoft%20surface;https://www.tokopedia.com/gudangapel-635/microsoft-surface-pro-12-inch-2025-snapdragon-processor-256gb-512gb-1732197078796043523?extParam=ivf%3Dfalse%26keyword%3Dlaptop+microsoft+surface%26search_id%3D20260328041558EFE937780E9557123C8B%26src%3Dsearch%26whid%3D7064558;"Microsoft Surface Pro 12"" Inch 2025 Snapdragon Processor 256GB 512GB - Microsoft Surface Pro 12 16/256GB";13990000;50;2 rating • 1 ulasan;Terjual 10;Gudangapel
1774672282-149;https://www.tokopedia.com/search?condition=1&navsource=home&source=universe&srp_component_id=04.06.00.00&st=product&q=laptop%20microsoft%20surface;https://www.tokopedia.com/dwicomputerbm/laptop-miscrosoft-surface?extParam=ivf%3Dfalse%26keyword%3Dlaptop+microsoft+surface%26search_id%3D20260328041558EFE937780E9557123C8B%26src%3Dsearch;LAPTOP MISCROSOFT SURFACE;5500000;;;;DWI COMPUTER BMS
1774672288-150;https://www.tokopedia.com/search?condition=1&navsource=home&source=universe&srp_component_id=04.06.00.00&st=product&q=laptop%20microsoft%20surface;https://www.tokopedia.com/bigberry-store/microsoft-surface-pro-12-inch-2025-snapdragon-processor-12-256gb-512gb-platinum-ocean-violet-1731827560853308902?extParam=ivf%3Dfalse%26keyword%3Dlaptop+microsoft+surface%26search_id%3D20260328041558EFE937780E9557123C8B%26src%3Dsearch;"Microsoft Surface Pro 12 inch 2025 Snapdragon Processor 12"" 256GB 512GB Platinum Ocean Violet - 16/256GB, PLATINUM";13640000;50;414 rating • 249 ulasan;Terjual 500+;Bigberry Store
1774672294-151;https://www.tokopedia.com/search?condition=1&navsource=home&source=universe&srp_component_id=04.06.00.00&st=product&q=laptop%20microsoft%20surface;https://www.tokopedia.com/mr-onecom/microsoft-surface-pro-8-13-core-i5-1135g7-ram-8gb-ssd-256gb-wind-11-normal?extParam=ivf%3Dfalse%26keyword%3Dlaptop+microsoft+surface%26search_id%3D20260328041558EFE937780E9557123C8B%26src%3Dsearch;"Microsoft Surface Pro 8 13"" Core i5-1135G7 Ram 8GB SSD 256GB Wind 11 - NORMAL";14000000;;;;MR Onecom
1774672300-152;https://www.tokopedia.com/search?condition=1&navsource=home&source=universe&srp_component_id=04.06.00.00&st=product&q=laptop%20microsoft%20surface;https://www.tokopedia.com/jullindo-jis/microsoft-surface-pro-12-copilot-pc-12-inch-snapdragon-x-plus-8-core-ram-16gb-ssd-256gb-512gb-touchscreen-wind-11-1732357788452095266?extParam=ivf%3Dfalse%26keyword%3Dlaptop+microsoft+surface%26search_id%3D20260328041558EFE937780E9557123C8B%26src%3Dsearch;Microsoft Surface Pro 12 Copilot+ PC, 12-inch Snapdragon X Plus (8 Core) Ram 16GB SSD 256GB / 512GB -  Touchscreen - Wind 11 - 16/256 Platinum;13440000;50;30 rating • 14 ulasan;Terjual 100+;Jullindo JIS
1774672306-153;https://www.tokopedia.com/search?condition=1&navsource=home&source=universe&srp_component_id=04.06.00.00&st=product&q=laptop%20microsoft%20surface;https://www.tokopedia.com/jullindo-jis/microsoft-surface-pro-11-edition-copilot-pc-13-snapdragon-x-plus-10-core-with-lcd-16gb-ram-ssd-512gb-wind-11-touchscreen-1730876358638208290?extParam=ivf%3Dfalse%26keyword%3Dlaptop+microsoft+surface%26search_id%3D20260328041558EFE937780E9557123C8B%26src%3Dsearch;"Microsoft Surface Pro 11 Edition Copilot+ PC 13"" Snapdragon X Plus (10 Core) with LCD 16GB RAM SSD 512GB, Wind 11 Touchscreen - 16/512 New DUNE";17940000;50;67 rating • 20 ulasan;Terjual 100+;Jullindo JIS
1774672311-154;https://www.tokopedia.com/search?condition=1&navsource=home&source=universe&srp_component_id=04.06.00.00&st=product&q=laptop%20microsoft%20surface;https://www.tokopedia.com/depasar-com-jakarta/microsoft-surface-laptop-go-2-i5-ram-4gb-8gb-16gb-ssd-256gb-512gb-1tb-2tb-baru-laptop-layar-sentuh-touch-screen-4gb-64gb-43502?extParam=ivf%3Dfalse%26keyword%3Dlaptop+microsoft+surface%26search_id%3D20260328041558EFE937780E9557123C8B%26src%3Dsearch;MICROSOFT SURFACE LAPTOP GO 2 I5 RAM 4GB 8GB 16GB SSD 256GB 512GB 1TB 2TB BARU Laptop Layar Sentuh Touch Screen - 4GB, 64GB;6799000;;;;depasar.c0m jakarta
1774672317-155;https://www.tokopedia.com/search?condition=1&navsource=home&source=universe&srp_component_id=04.06.00.00&st=product&q=laptop%20microsoft%20surface;https://www.tokopedia.com/graytech/microsoft-surface-4-core-i7-gen-11-ram-16gb-ssd-256gb-touchscreen-1732020491196204795?extParam=ivf%3Dfalse%26keyword%3Dlaptop+microsoft+surface%26search_id%3D20260328041558EFE937780E9557123C8B%26src%3Dsearch;Microsoft surface 4 core i7 gen 11 ram 16gb ssd 256gb touchscreen;6100000;;;1 barang berhasil terjual;Grytech_NEW
1774672323-156;https://www.tokopedia.com/search?condition=1&navsource=home&source=universe&srp_component_id=04.06.00.00&st=product&q=laptop%20microsoft%20surface;https://www.tokopedia.com/laptop-mahasiswa-392/microsoft-surface-pro-6-i5-layar-2k-ram-8-ssd-256-black-1730812004068197434?extParam=ivf%3Dfalse%26keyword%3Dlaptop+microsoft+surface%26search_id%3D20260328041558EFE937780E9557123C8B%26src%3Dsearch;Microsoft Surface Pro 6 i5 Layar 2K ram 8 ssd 256 Black;7000000;;;;Laptop Mahasiswa
1774672329-157;https://www.tokopedia.com/search?condition=1&navsource=home&source=universe&srp_component_id=04.06.00.00&st=product&q=laptop%20microsoft%20surface;https://www.tokopedia.com/orka/microsoft-surface-go-10-4-64-garansi-1-tahun-4-64gb-718bc?extParam=ivf%3Dfalse%26keyword%3Dlaptop+microsoft+surface%26search_id%3D20260328041558EFE937780E9557123C8B%26src%3Dsearch;"Microsoft Surface Go 10"" 4/64 Garansi 1 Tahun - 4/64GB";7997000;50;1 rating • 0 ulasan;Terjual 5;OrKa Com
1774672335-158;https://www.tokopedia.com/search?condition=1&navsource=home&source=universe&srp_component_id=04.06.00.00&st=product&q=laptop%20microsoft%20surface;https://www.tokopedia.com/pcwise/promo-microsoft-surface-pro-7-core-i5-gen-10-ram-8gb-ssd-128gb?extParam=ivf%3Dfalse%26keyword%3Dlaptop+microsoft+surface%26search_id%3D20260328041558EFE937780E9557123C8B%26src%3Dsearch;Promo!!!!! Microsoft Surface Pro 7, Core i5 Gen 10, Ram 8GB/SSD 128GB;7199000;;;;PCWISE
1774672341-159;https://www.tokopedia.com/search?condition=1&navsource=home&source=universe&srp_component_id=04.06.00.00&st=product&q=laptop%20microsoft%20surface;https://www.tokopedia.com/kemejastore77/laptop-surface-pro-4-touchscreen-2-in-1-ram-4-ssd-128-core-i5-gen-6-mulus-keyboard-1732236730542425464?extParam=ivf%3Dfalse%26keyword%3Dlaptop+microsoft+surface%26search_id%3D20260328041558EFE937780E9557123C8B%26src%3Dsearch;Laptop surface pro 4 touchscreen 2 in 1 Ram 4 SSD 128 core i5 gen 6 mulus + keyboard;4573000;;;;MART TOLS
1774672347-160;https://www.tokopedia.com/search?condition=1&navsource=home&source=universe&srp_component_id=04.06.00.00&st=product&q=laptop%20microsoft%20surface;https://www.tokopedia.com/rimaslaptopof/microsoft-surface-laptop-1-core-i5-g-ram-8gb-ssd-256gb-bekas-second?extParam=ivf%3Dfalse%26keyword%3Dlaptop+microsoft+surface%26search_id%3D20260328041558EFE937780E9557123C8B%26src%3Dsearch;Microsoft Surface Laptop 1 Core i5 G Ram 8GB SSD 256GB bekas second;7800000;;;;Rimas Laptop
1774672352-161;https://www.tokopedia.com/search?condition=1&navsource=home&source=universe&srp_component_id=04.06.00.00&st=product&q=laptop%20microsoft%20surface;https://www.tokopedia.com/pusatko/special-microsoft-surface-laptop-go-1-1943-corei5-gen-1035-procecor-1-0ghz-ram-8-ssd-128-gb-touchscreen-1731784842010723734?extParam=ivf%3Dfalse%26keyword%3Dlaptop+microsoft+surface%26search_id%3D20260328041558EFE937780E9557123C8B%26src%3Dsearch;Special Microsoft Surface Laptop Go 1 1943 Corei5 Gen 1035 Procecor 1.0Ghz Ram 8 Ssd 128 GB Touchscreen;5800000;;;;Pusat Komputer
1774672358-162;https://www.tokopedia.com/search?condition=1&navsource=home&source=universe&srp_component_id=04.06.00.00&st=product&q=laptop%20microsoft%20surface;https://www.tokopedia.com/rimaslaptopof/microsoft-surface-pro-4-i5-gen-6-4-128-gb-touchsreen-1734238682356549409?extParam=ivf%3Dfalse%26keyword%3Dlaptop+microsoft+surface%26search_id%3D20260328041558EFE937780E9557123C8B%26src%3Dsearch;MICROSOFT SURFACE PRO 4 I5 GEN 6 4 128 GB TOUCHSREEN;5000000;;;;Rimas Laptop
1774672364-163;https://www.tokopedia.com/search?condition=1&navsource=home&source=universe&srp_component_id=04.06.00.00&st=product&q=laptop%20microsoft%20surface;https://www.tokopedia.com/distri-laptop/microsoft-surface-pro-12-x-plus-12-inch-copilot-core-8-16gb-256gb-windows-11-1732503325600482829?extParam=ivf%3Dfalse%26keyword%3Dlaptop+microsoft+surface%26search_id%3D20260328041558EFE937780E9557123C8B%26src%3Dsearch;"Microsoft Surface Pro 12 X Plus 12"" Inch Copilot+ Core 8 16GB/256GB Windows 11";13590000;;;4 barang berhasil terjual;Distri Laptop
1774672371-164;https://www.tokopedia.com/search?condition=1&navsource=home&source=universe&srp_component_id=04.06.00.00&st=product&q=laptop%20microsoft%20surface;https://www.tokopedia.com/alstoretop30/microsoft-surface-laptop-go-touchscreen-ram-16-gb-ssd-256-gb-intel-core-i5-gen-10-second-1732011385657328706?extParam=ivf%3Dfalse%26keyword%3Dlaptop+microsoft+surface%26search_id%3D20260328041558EFE937780E9557123C8B%26src%3Dsearch;MICROSOFT SURFACE LAPTOP GO TOUCHSCREEN RAM 16 GB SSD 256 GB INTEL CORE I5 GEN 10 SECOND;7500000;50;1 rating • 0 ulasan;Terjual 3;ALStoretop30
1774672377-165;https://www.tokopedia.com/search?condition=1&navsource=home&source=universe&srp_component_id=04.06.00.00&st=product&q=laptop%20microsoft%20surface;https://www.tokopedia.com/jullindo-jis/microsoft-surface-laptop-13-2025-copilot-pc-13inch-touch-screen-ram-16gb-ssd-256gb-snapdragon-x-plus-8-core-wind-11-1732089862468109602?extParam=ivf%3Dfalse%26keyword%3Dlaptop+microsoft+surface%26search_id%3D20260328041558EFE937780E9557123C8B%26src%3Dsearch;"Microsoft Surface Laptop 13"" 2025 Copilot+ PC 13inch Touch-Screen Ram 16GB SSD 256GB - Snapdragon X Plus 8 Core - Wind 11 - 16/256GB Platinum";14940000;50;5 rating • 4 ulasan;Terjual 14;Jullindo JIS
1774672382-166;https://www.tokopedia.com/search?condition=1&navsource=home&source=universe&srp_component_id=04.06.00.00&st=product&q=laptop%20microsoft%20surface;https://www.tokopedia.com/teknotrend/microsoft-surface-pro-12-12-256gb-platinum-violet-ocean-12-inch-1731262237169780674?extParam=ivf%3Dfalse%26keyword%3Dlaptop+microsoft+surface%26search_id%3D20260328041558EFE937780E9557123C8B%26src%3Dsearch;"Microsoft Surface Pro 12 12/256GB Platinum Violet Ocean 12"" inch - Platinum, 16/256";13590000;50;23 rating • 15 ulasan;Terjual 40+;TeknoTrend ID
1774672389-167;https://www.tokopedia.com/search?condition=1&navsource=home&source=universe&srp_component_id=04.06.00.00&st=product&q=laptop%20microsoft%20surface;https://www.tokopedia.com/kemejastore77/microsoft-surface-go-1-pentium-4415y-1-6ghz-8gb-128gb-1732236755576718712?extParam=ivf%3Dfalse%26keyword%3Dlaptop+microsoft+surface%26search_id%3D20260328041558EFE937780E9557123C8B%26src%3Dsearch;MICROSOFT SURFACE GO 1 PENTIUM 4415Y 1,6ghz 8gb/128gb - grade b/c 128;2320000;;;;MART TOLS
1774672394-168;https://www.tokopedia.com/search?condition=1&navsource=home&source=universe&srp_component_id=04.06.00.00&st=product&q=laptop%20microsoft%20surface;https://www.tokopedia.com/jullindo-jis/microsoft-surface-laptop-6-13-inch-business-core-ultra-5-135h-ram-16gb-ssd-256gb-512gb-wind-11-pro-1734445669620876578?extParam=ivf%3Dfalse%26keyword%3Dlaptop+microsoft+surface%26search_id%3D20260328041558EFE937780E9557123C8B%26src%3Dsearch;Microsoft Surface Laptop 6 13-inch Business Core Ultra 5-135H Ram 16GB, SSD 256GB / 512GB - Wind 11 Pro - 16/256 - Black;25440000;50;8 rating • 2 ulasan;Terjual 20;Jullindo JIS
1774672400-169;https://www.tokopedia.com/search?condition=1&navsource=home&source=universe&srp_component_id=04.06.00.00&st=product&q=laptop%20microsoft%20surface;https://www.tokopedia.com/digitalauthorized/microsoft-surface-laptop-go-2-256gb-ram-8g-core-i5-11th-gen-platinum?extParam=ivf%3Dfalse%26keyword%3Dlaptop+microsoft+surface%26search_id%3D20260328041558EFE937780E9557123C8B%26src%3Dsearch;Microsoft Surface Laptop Go 2 256GB RAM 8G Core i5 11th Gen Platinum;13350000;;;;New Digital Authorized
1774672407-170;https://www.tokopedia.com/search?condition=1&navsource=home&source=universe&srp_component_id=04.06.00.00&st=product&q=laptop%20microsoft%20surface;https://www.tokopedia.com/toko-keliling-new/microsoft-surface-pro-12-inch-2025-snapdragon-processor-256gb-512gb-1731393645114525023?extParam=ivf%3Dfalse%26keyword%3Dlaptop+microsoft+surface%26search_id%3D20260328041558EFE937780E9557123C8B%26src%3Dsearch;"Microsoft Surface Pro 12"" Inch 2025 Snapdragon Processor 256GB 512GB - OCEAN, 16/256GB";13149000;50;32 rating • 13 ulasan;Terjual 100+;Toko Keliling New
1774672413-171;https://www.tokopedia.com/search?condition=1&navsource=home&source=universe&srp_component_id=04.06.00.00&st=product&q=laptop%20microsoft%20surface;https://www.tokopedia.com/mr-onecom/microsoft-surface-laptop-go-i5-8gb-128gb?extParam=ivf%3Dfalse%26keyword%3Dlaptop+microsoft+surface%26search_id%3D20260328041558EFE937780E9557123C8B%26src%3Dsearch;Microsoft Surface Laptop GO (i5/8GB/128GB);12999000;;;;MR Onecom
1774672419-172;https://www.tokopedia.com/search?condition=1&navsource=home&source=universe&srp_component_id=04.06.00.00&st=product&q=laptop%20microsoft%20surface;https://www.tokopedia.com/laptopori-642/laptop-surface-pro-10-ultra-7-ram-64gb-touch-langka-mrp-xps-yoga-x360-spectre-1734506097178412592?extParam=ivf%3Dfalse%26keyword%3Dlaptop+microsoft+surface%26search_id%3D20260328041558EFE937780E9557123C8B%26src%3Dsearch;Laptop Surface Pro 10 Ultra 7 RAM 64GB Touch Langka mrp xpS yoga x360 spectre;35000000;;;;LaptopOri_NEW
1774672425-173;https://www.tokopedia.com/search?condition=1&navsource=home&source=universe&srp_component_id=04.06.00.00&st=product&q=laptop%20microsoft%20surface;https://www.tokopedia.com/republiclaptop01/laptop-2-in-1-surpace-intel-core-m3-8100u-ram-8gb-ddr3-ssd-256gb-layar-10-5-fhd-garansi-1-tahun-1734417595965736875?extParam=ivf%3Dfalse%26keyword%3Dlaptop+microsoft+surface%26search_id%3D20260328041558EFE937780E9557123C8B%26src%3Dsearch;"Laptop 2 in 1 surpace Intel Core M3 8100U RAM 8GB DDR3 SSD 256GB Layar 10.5"" FHD Garansi 1 Tahun";4850000;;;;Republic Laptop
1774672431-174;https://www.tokopedia.com/search?condition=1&navsource=home&source=universe&srp_component_id=04.06.00.00&st=product&q=laptop%20microsoft%20surface;https://www.tokopedia.com/jualkom/laptop-second-berkualitas-laptop-bekas-microsoft-surface-pro-7-intel-i7-gen-11-16gb-1tb-1733614075127957269?extParam=ivf%3Dfalse%26keyword%3Dlaptop+microsoft+surface%26search_id%3D20260328041558EFE937780E9557123C8B%26src%3Dsearch;Laptop Second Berkualitas Laptop Bekas Microsoft Surface Pro 7+ Intel i7 Gen 11 16gb 1tb - Core i5-1135G7 16GB/ 256GB + KEYBOARD Grade A++;7839000;50;1 rating • 1 ulasan;Terjual 1;Jualkom
1774672437-175;https://www.tokopedia.com/search?condition=1&navsource=home&source=universe&srp_component_id=04.06.00.00&st=product&q=laptop%20microsoft%20surface;https://www.tokopedia.com/studioponsel/microsot-surface-pro-11-16-512gb-snapdragon-x-plus-10-core-copilot-1731944895841077042?extParam=ivf%3Dfalse%26keyword%3Dlaptop+microsoft+surface%26search_id%3D20260328041558EFE937780E9557123C8B%26src%3Dsearch;Microsot Surface Pro 11 16/512GB Snapdragon X Plus 10 Core Copilot+ - Graphite;17093000;46;8 rating • 2 ulasan;Terjual 21;Studio Ponsel Store
1774672443-176;https://www.tokopedia.com/search?condition=1&navsource=home&source=universe&srp_component_id=04.06.00.00&st=product&q=laptop%20microsoft%20surface;https://www.tokopedia.com/jam-spinner/microsoft-surface-laptop-pro-go-4gb-8gb-16g-128gb-256gb-512gb-1tb-8gb-128gb-10295?extParam=ivf%3Dfalse%26keyword%3Dlaptop+microsoft+surface%26search_id%3D20260328041558EFE937780E9557123C8B%26src%3Dsearch;MICROSOFT SURFACE LAPTOP PRO GO 4GB 8GB 16G 128GB 256GB 512GB 1TB - 8GB, 128GB;7999000;40;1 rating • 1 ulasan;Terjual 3;jam spinner
1774672449-177;https://www.tokopedia.com/search?condition=1&navsource=home&source=universe&srp_component_id=04.06.00.00&st=product&q=laptop%20microsoft%20surface;https://www.tokopedia.com/depasar-com-jakarta/microsoft-surface-laptop-go-i5-i7-4gb-8gb-16gb-128gb-256gb-512gb-1tb-i5-4gb-128gb-8c98b?extParam=ivf%3Dfalse%26keyword%3Dlaptop+microsoft+surface%26search_id%3D20260328041558EFE937780E9557123C8B%26src%3Dsearch;MICROSOFT SURFACE LAPTOP GO I5 i7 4GB 8GB 16GB 128GB 256GB 512GB 1TB - i5 4GB 128GB;4990000;49;12 rating • 7 ulasan;Terjual 25;depasar.c0m jakarta
1774672455-178;https://www.tokopedia.com/search?condition=1&navsource=home&source=universe&srp_component_id=04.06.00.00&st=product&q=laptop%20microsoft%20surface;https://www.tokopedia.com/putra-group/microsoft-surface-pro-12-12-256gb-platinum-violet-ocean-12-inch-1731662763867735040?extParam=ivf%3Dfalse%26keyword%3Dlaptop+microsoft+surface%26search_id%3D20260328041558EFE937780E9557123C8B%26src%3Dsearch;"Microsoft Surface Pro 12 12/256GB Platinum Violet Ocean 12"" inch - 12/256GB, Platinum";13799000;49;161 rating • 53 ulasan;Terjual 250+;Putra Group
1774672461-179;https://www.tokopedia.com/search?condition=1&navsource=home&source=universe&srp_component_id=04.06.00.00&st=product&q=laptop%20microsoft%20surface;https://www.tokopedia.com/rineni/terlaris-microsoft-surface-pro-9-core-i5-i7-gen-12-intel-evo-128gb-1731043973910660107?extParam=ivf%3Dfalse%26keyword%3Dlaptop+microsoft+surface%26search_id%3D20260328041558EFE937780E9557123C8B%26src%3Dsearch;Terlaris Microsoft Surface Pro 9 Core i5 i7 Gen 12 Intel Evo 128GB;9787000;;;;rineni shop berkah
1774672467-180;https://www.tokopedia.com/search?condition=1&navsource=home&source=universe&srp_component_id=04.06.00.00&st=product&q=laptop%20microsoft%20surface;https://www.tokopedia.com/tokohapedia-idn/microsoft-surface-go-3-gen-3-128gb-8gb-64gb-4gb-resmi-surface-pentium-64gb-black?extParam=ivf%3Dfalse%26keyword%3Dlaptop+microsoft+surface%26search_id%3D20260328041558EFE937780E9557123C8B%26src%3Dsearch;Microsoft Surface GO 3 Gen 3 128GB 8GB / 64GB 4GB RESMI SURFACE - PENTIUM 64GB, BLACK;6649000;;;2 barang berhasil terjual;Tokohapedia IDN
